member_id,age,plan_type,workouts_per_week,session_minutes,distance_km,months_active,trainer,referral_source,renewed
GYM3230,43.0,Pro,3,56.0,9.3,35.0,No,Walk-in,No
GYM3391,16.0,Basic,3,,10.6,17.0,No,Friend,No
GYM3137,16.0,Basic,4,61.0,5.2,2.0,No,Instagram,No
GYM3339,28.0,Basic,5,,2.5,31.0,Yes,Walk-in,Yes
GYM3291,32.0,Pro,6,,3.3,15.0,No,Instagram,Yes
GYM3520,26.0,Basic,4,66.0,,29.0,No,Walk-in,Yes
GYM3423,33.0,Basic,0,91.0,2.2,8.0,No,Advertisement,No
GYM3127,25.0,Basic,3,82.0,0.6,18.0,No,Instagram,No
GYM3311,26.0,Pro,3,56.0,3.1,7.0,No,Walk-in,No
GYM3584,22.0,Elite,1,102.0,0.4,,Yes,Instagram,Yes
GYM3270,23.0,Basic,2,47.0,1.5,31.0,No,Friend,Yes
GYM3253,21.0,Pro,3,82.0,1.8,15.0,Yes,Instagram,Yes
GYM3341,20.0,Basic,3,84.0,4.9,4.0,Yes,Advertisement,Yes
GYM3421,24.0,Basic,3,77.0,1.0,11.0,No,Advertisement,No
GYM3524,33.0,Basic,4,,2.3,4.0,No,Friend,No
GYM3279,38.0,Basic,3,66.0,3.1,44.0,No,Walk-in,Yes
GYM3536,25.0,Basic,1,28.0,10.8,9.0,Yes,Walk-in,No
GYM3187,21.0,Elite,3,69.0,3.3,27.0,No,Instagram,Yes
GYM3212,29.0,Pro,1,,2.5,35.0,Yes,Friend,Yes
GYM3550,31.0,Basic,5,53.0,7.0,13.0,No,Advertisement,No
GYM3257,30.0,Pro,6,73.0,4.0,21.0,No,Friend,Yes
GYM3226,21.0,Pro,2,81.0,,29.0,Yes,Walk-in,Yes
GYM3590,32.0,Elite,3,,3.9,12.0,No,Instagram,Yes
GYM3180,16.0,Elite,4,87.0,6.3,30.0,No,Instagram,Yes
GYM3173,28.0,Basic,3,53.0,5.3,13.0,Yes,Friend,No
GYM3232,32.0,Pro,5,49.0,5.8,22.0,No,Walk-in,Yes
GYM3304,24.0,Basic,4,80.0,11.6,4.0,No,Friend,No
GYM3562,39.0,Elite,4,49.0,12.2,4.0,No,Walk-in,No
GYM3484,31.0,Elite,3,63.0,2.0,7.0,Yes,Walk-in,Yes
GYM3372,25.0,Basic,3,41.0,7.4,28.0,No,Instagram,No
GYM3444,34.0,Basic,5,96.0,3.6,13.0,No,Friend,Yes
GYM3478,22.0,Basic,4,53.0,3.3,25.0,No,Instagram,Yes
GYM3201,27.0,Basic,3,86.0,1.2,8.0,No,Advertisement,No
GYM3390,36.0,Basic,3,29.0,2.3,35.0,No,Advertisement,Yes
GYM3296,16.0,Pro,3,59.0,14.1,5.0,Yes,Walk-in,No
GYM3366,33.0,Pro,4,100.0,2.8,33.0,No,Friend,Yes
GYM3457,30.0,Pro,3,79.0,13.6,31.0,No,Instagram,No
GYM3515,23.0,Basic,4,59.0,0.6,6.0,Yes,Advertisement,Yes
GYM3413,38.0,Basic,5,,1.5,31.0,No,Instagram,Yes
GYM3368,31.0,Basic,4,45.0,0.6,2.0,No,Instagram,Yes
GYM3430,24.0,Pro,4,52.0,1.0,37.0,Yes,Instagram,Yes
GYM3202,21.0,Basic,2,22.0,8.4,39.0,Yes,Instagram,No
GYM3309,37.0,Basic,3,,1.7,41.0,No,Instagram,Yes
GYM3277,29.0,Pro,4,91.0,1.1,5.0,No,Instagram,Yes
GYM3347,23.0,Pro,5,,4.8,35.0,No,Friend,Yes
GYM3244,33.0,Pro,5,66.0,17.9,24.0,No,Friend,No
GYM3236,20.0,Elite,4,61.0,4.9,26.0,No,Friend,Yes
GYM3340,32.0,Basic,2,103.0,7.9,30.0,No,Instagram,No
GYM3508,37.0,Elite,4,,3.1,4.0,No,Instagram,Yes
GYM3157,47.0,Pro,3,52.0,6.5,29.0,Yes,Walk-in,Yes
GYM3294,25.0,Pro,3,78.0,2.9,41.0,Yes,Friend,Yes
GYM3589,37.0,Basic,2,55.0,8.0,32.0,No,Advertisement,No
GYM3289,43.0,Basic,3,43.0,3.5,11.0,Yes,Instagram,No
GYM3181,33.0,Pro,3,45.0,0.8,33.0,No,Instagram,Yes
GYM3211,25.0,Basic,4,81.0,2.3,1.0,No,Friend,Yes
GYM3234,28.0,Pro,4,,2.9,40.0,No,Instagram,Yes
GYM3327,18.0,Basic,4,,11.2,26.0,No,Walk-in,No
GYM3303,33.0,Basic,3,27.0,8.9,32.0,No,Instagram,No
GYM3434,26.0,Basic,3,78.0,5.4,40.0,No,Instagram,Yes
GYM3259,31.0,Pro,2,77.0,4.4,21.0,No,Walk-in,No
GYM3116,38.0,Pro,3,70.0,3.3,36.0,No,Instagram,Yes
GYM3114,26.0,Elite,2,51.0,12.1,27.0,No,Advertisement,No
GYM3140,37.0,Basic,3,72.0,11.1,9.0,Yes,Walk-in,No
GYM3310,31.0,Pro,1,83.0,3.7,8.0,Yes,Instagram,No
GYM3151,32.0,Pro,6,56.0,2.5,7.0,No,Walk-in,Yes
GYM3362,16.0,Basic,2,68.0,4.8,6.0,Yes,Friend,No
GYM3427,39.0,Basic,5,50.0,0.6,12.0,No,Instagram,Yes
GYM3143,25.0,Pro,2,53.0,0.4,10.0,No,Walk-in,No
GYM3343,16.0,Basic,5,36.0,4.2,9.0,No,Instagram,Yes
GYM3355,44.0,Pro,3,85.0,3.9,20.0,No,Friend,No
GYM3506,23.0,Pro,2,75.0,6.6,38.0,No,Friend,Yes
GYM3485,23.0,Basic,1,60.0,13.3,15.0,No,Friend,No
GYM3455,26.0,Pro,4,71.0,7.5,14.0,Yes,Friend,Yes
GYM3166,33.0,Basic,2,36.0,1.5,6.0,No,Friend,No
GYM3255,33.0,Pro,5,69.0,2.3,27.0,No,Advertisement,Yes
GYM3438,21.0,Basic,3,63.0,3.4,5.0,No,Friend,No
GYM3396,33.0,Elite,3,65.0,3.5,23.0,No,Advertisement,Yes
GYM3440,18.0,Elite,3,82.0,13.7,1.0,No,Instagram,No
GYM3545,36.0,Elite,4,42.0,5.1,16.0,No,Instagram,No
GYM3488,35.0,Elite,3,52.0,5.1,33.0,Yes,Friend,Yes
GYM3115,28.0,Elite,2,84.0,1.2,33.0,No,Friend,Yes
GYM3207,41.0,Pro,2,54.0,5.2,48.0,No,Advertisement,Yes
GYM3216,27.0,Basic,4,61.0,2.9,25.0,No,Walk-in,Yes
GYM3239,27.0,Pro,6,76.0,1.5,39.0,Yes,Friend,Yes
GYM3464,21.0,Basic,3,89.0,9.1,39.0,No,Friend,No
GYM3167,24.0,Elite,6,77.0,2.8,27.0,Yes,Advertisement,Yes
GYM3529,35.0,Pro,3,,2.3,17.0,Yes,Friend,Yes
GYM3280,32.0,Pro,3,79.0,7.6,12.0,No,Advertisement,No
GYM3569,37.0,Pro,4,85.0,4.6,10.0,Yes,Friend,Yes
GYM3482,31.0,Pro,2,31.0,2.0,48.0,No,Walk-in,Yes
GYM3399,21.0,Pro,3,76.0,8.6,13.0,No,Advertisement,No
GYM3557,20.0,Pro,5,71.0,8.7,32.0,No,Walk-in,Yes
GYM3224,37.0,Elite,2,70.0,6.1,31.0,Yes,Instagram,Yes
GYM3336,18.0,Pro,3,65.0,1.5,15.0,No,Instagram,No
GYM3499,31.0,Basic,3,47.0,11.8,38.0,Yes,Walk-in,No
GYM3467,25.0,Elite,3,55.0,5.8,30.0,No,Friend,Yes
GYM3402,35.0,Basic,1,64.0,5.5,,Yes,Walk-in,Yes
GYM3275,27.0,Pro,2,42.0,5.7,38.0,No,Friend,No
GYM3448,28.0,Basic,2,75.0,8.1,19.0,No,Instagram,No
GYM3456,23.0,Basic,5,67.0,4.5,43.0,No,Instagram,Yes
GYM3380,35.0,Pro,3,38.0,7.8,29.0,No,Instagram,No
GYM3290,20.0,Pro,3,99.0,5.7,24.0,No,Instagram,Yes
GYM3203,29.0,Elite,4,47.0,5.5,6.0,No,Walk-in,No
GYM3301,30.0,Basic,1,75.0,2.1,33.0,No,Instagram,No
GYM3502,20.0,Basic,5,,2.4,14.0,No,Instagram,Yes
GYM3286,34.0,Elite,3,51.0,3.5,46.0,No,Instagram,Yes
GYM3324,34.0,Pro,2,71.0,2.4,34.0,Yes,Walk-in,Yes
GYM3490,18.0,Elite,2,55.0,3.3,9.0,Yes,Advertisement,Yes
GYM3344,20.0,Basic,2,68.0,3.4,14.0,Yes,Instagram,No
GYM3410,27.0,Elite,2,73.0,4.9,7.0,No,Instagram,No
GYM3183,23.0,Pro,3,61.0,7.9,13.0,Yes,Walk-in,Yes
GYM3264,36.0,Pro,3,75.0,4.1,43.0,Yes,Instagram,Yes
GYM3541,44.0,Pro,2,68.0,6.5,39.0,Yes,Friend,Yes
GYM3237,23.0,Basic,5,44.0,5.6,46.0,Yes,Instagram,Yes
GYM3161,34.0,Basic,3,29.0,1.2,4.0,No,Advertisement,No
GYM3314,24.0,Basic,1,55.0,3.2,38.0,No,Friend,No
GYM3442,33.0,Elite,5,49.0,4.6,45.0,No,Friend,Yes
GYM3227,20.0,Pro,0,50.0,3.3,27.0,No,Friend,No
GYM3469,28.0,Basic,2,56.0,1.3,6.0,No,Advertisement,No
GYM3159,36.0,Pro,1,70.0,0.4,12.0,No,Friend,No
GYM3297,32.0,Pro,5,31.0,3.8,38.0,Yes,Friend,Yes
GYM3205,31.0,Basic,3,83.0,6.5,15.0,No,Advertisement,No
GYM3110,32.0,Pro,2,67.0,2.7,43.0,No,Friend,Yes
GYM3155,23.0,Basic,0,,4.1,41.0,No,Instagram,No
GYM3551,29.0,Elite,3,90.0,5.1,35.0,No,Friend,Yes
GYM3333,39.0,Basic,1,20.0,2.2,9.0,No,Instagram,No
GYM3156,24.0,Basic,0,,8.5,15.0,Yes,Friend,No
GYM3458,21.0,Pro,4,47.0,8.5,6.0,No,Walk-in,No
GYM3261,30.0,Basic,4,75.0,3.5,14.0,No,Friend,Yes
GYM3188,33.0,Elite,0,,3.9,6.0,No,Walk-in,No
GYM3394,24.0,Basic,4,47.0,2.9,13.0,No,Advertisement,No
GYM3124,28.0,Basic,4,47.0,3.5,31.0,No,Instagram,Yes
GYM3214,20.0,Elite,2,64.0,8.7,30.0,No,Friend,Yes
GYM3496,33.0,Elite,2,66.0,11.0,23.0,Yes,Instagram,Yes
GYM3131,31.0,Basic,2,57.0,5.0,11.0,Yes,Instagram,No
GYM3439,36.0,Elite,5,68.0,0.4,13.0,No,Friend,Yes
GYM3354,21.0,Basic,5,74.0,1.3,29.0,No,Instagram,Yes
GYM3387,35.0,Basic,6,57.0,8.9,37.0,No,Instagram,Yes
GYM3539,27.0,Pro,1,90.0,,10.0,No,Walk-in,No
GYM3405,29.0,Elite,5,62.0,8.5,39.0,No,Advertisement,Yes
GYM3453,20.0,Basic,4,48.0,1.8,8.0,No,Instagram,Yes
GYM3359,27.0,Pro,6,57.0,6.0,39.0,No,Walk-in,Yes
GYM3543,30.0,Basic,2,66.0,2.9,19.0,No,Walk-in,No
GYM3428,27.0,Basic,3,,4.2,16.0,Yes,Friend,Yes
GYM3228,38.0,Elite,4,,4.1,29.0,No,Walk-in,Yes
GYM3563,30.0,Basic,1,64.0,9.7,4.0,No,Advertisement,No
GYM3223,31.0,Basic,2,34.0,0.4,,No,Instagram,Yes
GYM3433,34.0,Basic,4,,,18.0,Yes,Walk-in,Yes
GYM3373,35.0,Pro,5,60.0,4.2,12.0,No,Advertisement,Yes
GYM3597,30.0,Elite,4,76.0,1.7,6.0,No,Walk-in,Yes
GYM3198,30.0,Basic,5,72.0,2.1,3.0,No,Friend,Yes
GYM3501,33.0,Basic,4,94.0,7.5,4.0,No,Advertisement,No
GYM3552,28.0,Basic,3,75.0,8.7,10.0,No,Advertisement,No
GYM3266,25.0,Basic,3,78.0,1.7,2.0,No,Instagram,No
GYM3318,25.0,Pro,1,83.0,5.0,4.0,Yes,Instagram,No
GYM3330,25.0,Elite,3,70.0,4.7,2.0,Yes,Advertisement,Yes
GYM3246,38.0,Basic,3,40.0,5.1,30.0,Yes,Instagram,Yes
GYM3534,36.0,Basic,5,73.0,3.3,20.0,No,Advertisement,Yes
GYM3451,23.0,Pro,2,50.0,8.0,29.0,Yes,Friend,Yes
GYM3497,30.0,Pro,5,37.0,5.3,19.0,Yes,Instagram,Yes
GYM3329,24.0,Elite,4,83.0,6.0,40.0,No,Instagram,Yes
GYM3527,40.0,Pro,1,,2.0,7.0,No,Walk-in,No
GYM3406,33.0,Basic,3,60.0,,2.0,Yes,Friend,No
GYM3549,23.0,Elite,5,73.0,1.8,16.0,Yes,Advertisement,Yes
GYM3208,19.0,Basic,0,63.0,1.0,7.0,No,Friend,No
GYM3351,39.0,Basic,4,83.0,3.5,1.0,No,Friend,Yes
GYM3103,28.0,Basic,4,40.0,2.3,44.0,No,Friend,Yes
GYM3492,25.0,Elite,1,,2.9,41.0,No,Instagram,No
GYM3285,25.0,Basic,1,78.0,4.1,27.0,No,Friend,No
GYM3182,24.0,Pro,3,77.0,5.6,23.0,No,Instagram,Yes
GYM3512,35.0,Pro,0,49.0,3.5,10.0,No,Friend,No
GYM3153,34.0,Elite,1,51.0,8.3,35.0,No,Instagram,No
GYM3470,25.0,Basic,3,40.0,1.1,38.0,No,Friend,Yes
GYM3184,16.0,Pro,3,65.0,3.4,8.0,No,Instagram,No
GYM3531,34.0,Elite,2,71.0,4.0,14.0,No,Advertisement,No
GYM3587,31.0,Elite,3,44.0,6.4,31.0,No,Friend,Yes
GYM3370,27.0,Basic,0,20.0,6.3,45.0,No,Walk-in,No
GYM3525,28.0,Basic,6,52.0,3.0,35.0,Yes,Walk-in,Yes
GYM3445,27.0,Basic,3,55.0,4.7,32.0,No,Instagram,No
GYM3174,20.0,Elite,3,79.0,2.5,10.0,No,Instagram,Yes
GYM3558,19.0,Basic,4,69.0,6.0,26.0,No,Instagram,Yes
GYM3507,31.0,Elite,0,93.0,1.9,19.0,No,Advertisement,No
GYM3378,34.0,Basic,3,62.0,17.9,4.0,No,Friend,No
GYM3417,31.0,Basic,4,37.0,2.6,37.0,Yes,Instagram,Yes
GYM3123,26.0,Basic,3,74.0,2.4,6.0,No,Walk-in,No
GYM3382,33.0,Basic,1,66.0,12.0,35.0,Yes,Advertisement,No
GYM3254,37.0,Pro,5,92.0,8.2,19.0,No,Walk-in,Yes
GYM3325,21.0,Pro,2,67.0,0.9,2.0,Yes,Friend,No
GYM3381,26.0,Elite,1,71.0,5.2,17.0,No,Friend,No
GYM3559,34.0,Elite,3,,2.5,47.0,Yes,Friend,Yes
GYM3443,30.0,Pro,3,,3.8,17.0,Yes,Instagram,Yes
GYM3150,16.0,Elite,5,68.0,4.0,13.0,No,Friend,Yes
GYM3138,33.0,Pro,2,71.0,4.8,5.0,Yes,Advertisement,No
GYM3293,25.0,Pro,4,52.0,3.3,11.0,No,Friend,Yes
GYM3384,32.0,Elite,4,58.0,1.8,29.0,Yes,Friend,Yes
GYM3288,37.0,Pro,4,63.0,14.5,29.0,No,Walk-in,No
GYM3585,23.0,Basic,3,58.0,3.2,,No,Instagram,Yes
GYM3105,25.0,Basic,5,42.0,3.5,17.0,No,Advertisement,No
GYM3175,25.0,Pro,4,71.0,6.0,1.0,No,Friend,No
GYM3242,31.0,Basic,3,56.0,2.5,10.0,Yes,Walk-in,No
GYM3147,34.0,Basic,0,48.0,4.5,47.0,Yes,Friend,Yes
GYM3146,33.0,Basic,0,54.0,8.0,5.0,Yes,Walk-in,No
GYM3170,21.0,Pro,6,,6.3,14.0,No,Friend,Yes
GYM3596,27.0,Basic,2,102.0,4.3,17.0,No,Instagram,No
GYM3179,22.0,Basic,5,65.0,2.7,19.0,No,Instagram,Yes
GYM3130,31.0,Basic,5,48.0,7.3,20.0,Yes,Instagram,Yes
GYM3111,25.0,Pro,6,50.0,1.3,,No,Instagram,Yes
GYM3568,41.0,Pro,5,73.0,8.9,46.0,No,Instagram,Yes
GYM3575,21.0,Pro,3,55.0,,12.0,No,Friend,No
GYM3546,37.0,Basic,5,94.0,6.8,4.0,No,Friend,No
GYM3454,35.0,Basic,2,32.0,4.9,3.0,No,Instagram,No
GYM3215,37.0,Pro,5,65.0,,3.0,Yes,Friend,Yes
GYM3125,20.0,Pro,2,51.0,19.3,6.0,No,Friend,No
GYM3295,29.0,Pro,1,46.0,0.9,26.0,No,Friend,No
GYM3371,37.0,Basic,4,76.0,4.3,,No,Walk-in,No
GYM3165,34.0,Pro,1,94.0,1.6,13.0,No,Friend,No
GYM3360,21.0,Pro,5,33.0,10.7,25.0,No,Walk-in,Yes
GYM3145,28.0,Pro,4,72.0,0.7,11.0,No,Friend,Yes
GYM3348,28.0,Pro,2,53.0,10.1,15.0,Yes,Friend,No
GYM3588,22.0,Basic,4,74.0,1.6,4.0,No,Walk-in,No
GYM3578,16.0,Pro,5,83.0,10.4,8.0,Yes,Friend,Yes
GYM3548,31.0,Pro,2,58.0,9.7,1.0,No,Instagram,No
GYM3566,38.0,Pro,3,,7.3,1.0,Yes,Advertisement,No
GYM3583,29.0,Elite,2,,2.2,24.0,No,Instagram,No
GYM3168,18.0,Elite,4,69.0,1.5,34.0,No,Friend,Yes
GYM3121,27.0,Basic,2,69.0,1.5,33.0,Yes,Instagram,No
GYM3177,26.0,Basic,1,60.0,4.5,18.0,No,Friend,No
GYM3481,20.0,Basic,5,42.0,4.6,31.0,Yes,Advertisement,Yes
GYM3542,35.0,Basic,3,35.0,0.7,15.0,Yes,Advertisement,Yes
GYM3494,30.0,Pro,4,65.0,4.7,11.0,No,Friend,No
GYM3379,42.0,Basic,5,70.0,8.4,21.0,No,Walk-in,Yes
GYM3158,29.0,Basic,1,35.0,0.7,27.0,No,Friend,No
GYM3225,22.0,Pro,3,64.0,4.6,33.0,No,Walk-in,Yes
GYM3328,28.0,Basic,4,65.0,11.6,17.0,Yes,Advertisement,Yes
GYM3142,25.0,Basic,4,101.0,4.3,41.0,No,Friend,Yes
GYM3104,28.0,Basic,2,98.0,4.0,34.0,No,Walk-in,Yes
GYM3221,41.0,Basic,3,48.0,1.5,30.0,Yes,Instagram,Yes
GYM3268,25.0,Pro,2,59.0,4.1,4.0,No,Instagram,No
GYM3240,21.0,Pro,4,79.0,3.1,7.0,Yes,Instagram,Yes
GYM3419,24.0,Elite,0,59.0,0.7,30.0,No,Instagram,No
GYM3164,32.0,Basic,4,93.0,4.1,47.0,Yes,Instagram,Yes
GYM3426,35.0,Elite,6,32.0,5.1,33.0,No,Instagram,Yes
GYM3209,18.0,Basic,5,74.0,5.6,40.0,Yes,Instagram,Yes
GYM3555,22.0,Basic,2,55.0,0.9,38.0,Yes,Instagram,Yes
GYM3218,35.0,Basic,3,66.0,1.7,28.0,Yes,Instagram,Yes
GYM3305,20.0,Elite,2,59.0,11.0,7.0,Yes,Instagram,No
GYM3511,35.0,Basic,2,71.0,1.8,8.0,No,Walk-in,No
GYM3591,27.0,Basic,3,48.0,1.5,18.0,No,Walk-in,Yes
GYM3403,31.0,Basic,3,72.0,3.7,7.0,No,Walk-in,No
GYM3106,34.0,Pro,1,47.0,8.3,19.0,No,Friend,No
GYM3565,20.0,Pro,4,49.0,12.3,26.0,No,Walk-in,No
GYM3369,18.0,Pro,4,,3.0,18.0,No,Instagram,No
GYM3118,33.0,Elite,6,52.0,4.1,23.0,No,Advertisement,Yes
GYM3516,30.0,Pro,3,58.0,2.6,10.0,Yes,Walk-in,Yes
GYM3337,30.0,Basic,0,,7.8,32.0,No,Friend,No
GYM3361,33.0,Basic,2,31.0,2.7,48.0,No,Instagram,No
GYM3572,27.0,Pro,3,59.0,2.9,32.0,No,Instagram,Yes
GYM3401,28.0,Elite,5,44.0,2.2,12.0,No,Friend,Yes
GYM3222,24.0,Basic,4,37.0,3.2,20.0,Yes,Walk-in,Yes
GYM3178,31.0,Basic,3,70.0,25.0,28.0,No,Walk-in,No
GYM3493,29.0,Elite,0,72.0,3.5,24.0,No,Friend,No
GYM3251,30.0,Elite,3,49.0,5.2,2.0,Yes,Advertisement,Yes
GYM3386,21.0,Elite,4,36.0,1.2,3.0,No,Friend,Yes
GYM3263,16.0,Elite,2,57.0,,22.0,No,Instagram,No
GYM3554,29.0,Elite,2,73.0,11.8,16.0,No,Walk-in,No
GYM3365,25.0,Basic,4,57.0,4.0,45.0,Yes,Friend,Yes
GYM3471,24.0,Elite,1,55.0,17.7,40.0,No,Walk-in,No
GYM3573,33.0,Basic,3,78.0,3.2,12.0,Yes,Friend,Yes
GYM3243,23.0,Basic,5,64.0,2.3,1.0,No,Friend,No
GYM3495,27.0,Basic,2,47.0,3.1,15.0,No,Friend,No
GYM3398,29.0,Basic,5,49.0,,35.0,No,Friend,Yes
GYM3299,18.0,Basic,3,42.0,4.9,5.0,No,Walk-in,No
GYM3141,32.0,Pro,4,79.0,3.8,15.0,Yes,Friend,Yes
GYM3388,19.0,Basic,4,71.0,3.8,6.0,No,Walk-in,Yes
GYM3432,32.0,Pro,3,54.0,8.6,16.0,No,Instagram,No
GYM3331,24.0,Basic,4,,4.3,2.0,No,Instagram,Yes
GYM3345,26.0,Basic,1,74.0,2.9,41.0,No,Walk-in,No
GYM3476,37.0,Elite,3,41.0,,37.0,Yes,Walk-in,Yes
GYM3518,32.0,Basic,2,,4.6,25.0,Yes,Instagram,Yes
GYM3414,24.0,Basic,1,89.0,4.6,27.0,Yes,Instagram,No
GYM3363,33.0,Elite,5,,3.6,17.0,No,Walk-in,Yes
GYM3129,40.0,Pro,3,92.0,14.4,28.0,No,Friend,No
GYM3338,27.0,Pro,1,53.0,5.5,17.0,Yes,Friend,No
GYM3350,24.0,Basic,0,72.0,11.0,28.0,No,Friend,No
GYM3262,28.0,Elite,3,81.0,1.2,14.0,No,Friend,Yes
GYM3249,32.0,Pro,5,28.0,9.9,25.0,No,Advertisement,No
GYM3477,21.0,Elite,4,63.0,,38.0,Yes,Advertisement,Yes
GYM3473,29.0,Pro,2,66.0,7.4,3.0,No,Walk-in,No
GYM3194,28.0,Basic,2,39.0,11.1,18.0,Yes,Walk-in,No
GYM3593,42.0,Pro,2,43.0,3.2,16.0,Yes,Walk-in,Yes
GYM3321,28.0,Elite,3,,1.5,30.0,No,Walk-in,Yes
GYM3185,35.0,Basic,4,76.0,2.5,21.0,Yes,Walk-in,Yes
GYM3287,34.0,Basic,5,90.0,4.2,9.0,No,Friend,Yes
GYM3189,25.0,Elite,3,84.0,12.7,42.0,No,Instagram,Yes
GYM3420,41.0,Elite,3,63.0,9.2,5.0,No,Friend,No
GYM3134,35.0,Pro,3,56.0,4.9,5.0,Yes,Instagram,No
GYM3317,20.0,Elite,1,,1.2,18.0,No,Advertisement,No
GYM3172,19.0,Pro,6,54.0,3.5,23.0,No,Instagram,Yes
GYM3320,34.0,Basic,2,84.0,6.3,,Yes,Friend,Yes
GYM3404,16.0,Basic,2,54.0,3.9,3.0,No,Friend,No
GYM3474,33.0,Basic,6,48.0,,22.0,Yes,Walk-in,Yes
GYM3564,25.0,Basic,3,60.0,,6.0,Yes,Instagram,No
GYM3112,27.0,Basic,6,46.0,9.9,29.0,No,Friend,Yes
GYM3298,34.0,Basic,4,75.0,19.1,8.0,No,Walk-in,No
GYM3313,34.0,Elite,1,63.0,4.4,44.0,Yes,Advertisement,Yes
GYM3537,20.0,Basic,1,,2.4,3.0,No,Friend,No
GYM3334,30.0,Basic,3,78.0,2.0,14.0,Yes,Walk-in,Yes
GYM3517,30.0,Pro,0,33.0,2.0,19.0,No,Instagram,No
GYM3447,25.0,Pro,3,76.0,2.0,22.0,No,Walk-in,Yes
GYM3489,36.0,Elite,2,55.0,7.4,44.0,Yes,Friend,Yes
GYM3196,16.0,Elite,3,44.0,1.1,45.0,Yes,Instagram,Yes
GYM3425,32.0,Basic,2,45.0,5.5,48.0,No,Friend,No
GYM3397,25.0,Basic,1,58.0,5.0,11.0,Yes,Friend,No
GYM3163,34.0,Basic,5,61.0,4.6,13.0,No,Friend,Yes
GYM3322,28.0,Pro,2,67.0,7.1,35.0,Yes,Walk-in,Yes
GYM3195,27.0,Elite,3,43.0,13.3,38.0,Yes,Friend,Yes
GYM3113,16.0,Basic,4,67.0,1.0,35.0,No,Walk-in,Yes
GYM3117,24.0,Basic,2,47.0,3.1,27.0,No,Walk-in,No
GYM3461,34.0,Basic,5,77.0,7.0,15.0,No,Walk-in,Yes
GYM3346,40.0,Pro,1,73.0,1.9,9.0,No,Walk-in,No
GYM3487,37.0,Basic,4,70.0,5.2,1.0,Yes,Friend,Yes
GYM3307,26.0,Pro,3,50.0,6.9,28.0,No,Instagram,No
GYM3190,38.0,Pro,6,65.0,4.2,19.0,No,Instagram,Yes
GYM3407,29.0,Pro,1,60.0,3.5,43.0,No,Friend,No
GYM3429,33.0,Basic,2,61.0,0.4,13.0,Yes,Advertisement,No
GYM3459,34.0,Basic,1,68.0,12.7,25.0,No,Friend,No
GYM3139,29.0,Elite,1,64.0,13.3,16.0,Yes,Walk-in,No
GYM3186,29.0,Pro,2,35.0,3.6,13.0,No,Advertisement,No
GYM3281,23.0,Elite,4,68.0,9.0,1.0,Yes,Walk-in,No
GYM3530,32.0,Basic,5,78.0,3.0,4.0,No,Friend,Yes
GYM3245,25.0,Pro,2,51.0,5.1,35.0,No,Instagram,No
GYM3258,24.0,Pro,5,54.0,4.4,22.0,Yes,Friend,Yes
GYM3504,30.0,Basic,4,20.0,1.9,14.0,No,Instagram,Yes
GYM3465,22.0,Elite,3,66.0,3.2,14.0,No,Walk-in,Yes
GYM3466,31.0,Basic,3,67.0,3.8,32.0,No,Walk-in,Yes
GYM3449,35.0,Pro,4,71.0,5.9,1.0,Yes,Walk-in,No
GYM3300,31.0,Basic,4,81.0,2.5,10.0,No,Friend,Yes
GYM3392,24.0,Basic,5,48.0,0.7,19.0,Yes,Advertisement,Yes
GYM3171,33.0,Pro,2,,3.9,40.0,Yes,Advertisement,Yes
GYM3526,24.0,Basic,3,36.0,7.2,39.0,Yes,Instagram,Yes
GYM3514,35.0,Basic,5,,4.9,11.0,No,Advertisement,No
GYM3599,36.0,Pro,1,97.0,2.9,28.0,Yes,Friend,Yes
GYM3491,26.0,Basic,3,84.0,3.0,19.0,No,Friend,No
GYM3576,17.0,Basic,2,57.0,2.0,41.0,No,Friend,Yes
GYM3561,33.0,Basic,1,67.0,1.5,14.0,No,Friend,No
GYM3486,33.0,Pro,4,41.0,6.6,18.0,Yes,Instagram,Yes
GYM3233,21.0,Basic,5,70.0,7.0,19.0,Yes,Friend,Yes
GYM3160,23.0,Elite,2,,3.7,3.0,Yes,Advertisement,Yes
GYM3581,20.0,Pro,3,,6.3,23.0,Yes,Instagram,Yes
GYM3577,22.0,Pro,3,,4.4,30.0,No,Instagram,Yes
GYM3200,33.0,Basic,1,,5.9,3.0,No,Advertisement,No
GYM3119,34.0,Basic,4,65.0,1.5,24.0,No,Instagram,Yes
GYM3571,31.0,Basic,2,49.0,5.1,43.0,No,Instagram,Yes
GYM3560,29.0,Pro,1,49.0,6.7,26.0,No,Instagram,No
GYM3364,39.0,Basic,1,37.0,4.0,37.0,No,Walk-in,No
GYM3376,31.0,Basic,4,64.0,0.4,35.0,Yes,Friend,Yes
GYM3108,35.0,Basic,1,,1.4,5.0,No,Instagram,No
GYM3409,16.0,Pro,2,45.0,5.0,33.0,No,Walk-in,No
GYM3383,35.0,Basic,4,77.0,2.0,18.0,Yes,Walk-in,Yes
GYM3570,24.0,Basic,3,47.0,2.1,11.0,Yes,Advertisement,Yes
GYM3192,33.0,Basic,1,,2.0,2.0,No,Walk-in,No
GYM3352,36.0,Basic,0,78.0,0.5,30.0,No,Friend,No
GYM3132,31.0,Pro,0,80.0,3.0,13.0,No,Friend,No
GYM3235,36.0,Basic,1,,,11.0,No,Friend,No
GYM3122,28.0,Basic,5,83.0,3.7,24.0,No,Friend,Yes
GYM3162,23.0,Pro,4,49.0,,33.0,No,Instagram,Yes
GYM3582,31.0,Pro,5,,4.3,6.0,No,Friend,Yes
GYM3315,22.0,Pro,4,35.0,3.9,25.0,No,Advertisement,Yes
GYM3509,25.0,Pro,2,67.0,2.2,32.0,Yes,Instagram,Yes
GYM3519,23.0,Pro,4,59.0,6.8,8.0,No,Walk-in,No
GYM3357,26.0,Pro,3,77.0,4.7,32.0,Yes,Walk-in,Yes
GYM3152,16.0,Pro,2,47.0,1.6,12.0,Yes,Walk-in,No
GYM3510,18.0,Basic,3,87.0,6.4,45.0,No,Friend,Yes
GYM3273,33.0,Elite,2,60.0,10.3,32.0,No,Friend,No
GYM3135,22.0,Basic,4,83.0,6.4,35.0,No,Friend,Yes
GYM3278,38.0,Pro,6,63.0,4.8,41.0,No,Friend,Yes
GYM3267,31.0,Pro,2,44.0,5.0,14.0,No,Advertisement,No
GYM3326,37.0,Elite,3,47.0,,7.0,No,Walk-in,No
GYM3220,20.0,Basic,3,65.0,2.8,22.0,Yes,Walk-in,Yes
GYM3375,24.0,Basic,0,57.0,4.7,8.0,No,Friend,No
GYM3144,21.0,Basic,1,111.0,2.2,31.0,No,Walk-in,No
GYM3400,16.0,Elite,3,69.0,2.8,21.0,No,Instagram,Yes
GYM3424,38.0,Pro,2,52.0,3.0,3.0,No,Walk-in,No
GYM3176,34.0,Elite,5,72.0,,18.0,No,Instagram,Yes
GYM3308,30.0,Basic,3,54.0,3.4,41.0,Yes,Walk-in,Yes
GYM3468,30.0,Basic,3,,10.7,14.0,Yes,Instagram,Yes
GYM3312,22.0,Basic,3,40.0,8.3,11.0,No,Instagram,No
GYM3367,23.0,Elite,1,58.0,4.9,18.0,No,Advertisement,No
GYM3411,30.0,Pro,6,69.0,1.5,2.0,Yes,Instagram,Yes
GYM3316,26.0,Pro,4,83.0,4.0,28.0,No,Friend,Yes
GYM3533,35.0,Basic,2,52.0,9.3,12.0,Yes,Advertisement,No
GYM3109,36.0,Pro,0,88.0,0.7,14.0,No,Instagram,No
GYM3503,31.0,Elite,4,59.0,3.4,26.0,Yes,Friend,Yes
GYM3521,23.0,Basic,2,72.0,4.9,27.0,No,Friend,No
GYM3385,16.0,Basic,3,77.0,1.9,7.0,No,Friend,No
GYM3395,29.0,Basic,6,56.0,2.0,27.0,No,Walk-in,Yes
GYM3204,27.0,Basic,4,64.0,13.1,34.0,Yes,Advertisement,Yes
GYM3412,21.0,Elite,3,75.0,2.7,8.0,No,Instagram,Yes
GYM3532,28.0,Elite,2,85.0,1.6,31.0,No,Friend,Yes
GYM3592,27.0,Basic,5,44.0,7.4,1.0,Yes,Friend,No
GYM3191,34.0,Basic,5,63.0,3.9,36.0,Yes,Walk-in,Yes
GYM3282,32.0,Pro,4,90.0,0.9,6.0,No,Instagram,Yes
GYM3415,31.0,Pro,5,,,,No,Walk-in,Yes
GYM3553,30.0,Pro,3,74.0,4.1,39.0,No,Friend,Yes
GYM3272,32.0,Basic,4,87.0,4.7,7.0,No,Friend,Yes
GYM3332,22.0,Elite,5,47.0,3.9,20.0,No,Friend,Yes
GYM3567,29.0,Pro,5,50.0,2.5,38.0,Yes,Instagram,Yes
GYM3136,17.0,Pro,2,,4.1,3.0,No,Friend,No
GYM3256,18.0,Pro,5,52.0,5.4,,No,Friend,Yes
GYM3102,37.0,Basic,3,87.0,2.2,12.0,No,Instagram,Yes
GYM3342,25.0,Pro,2,65.0,1.6,23.0,Yes,Advertisement,No
GYM3408,39.0,Basic,3,80.0,7.2,9.0,Yes,Instagram,No
GYM3389,38.0,Basic,2,40.0,7.2,13.0,No,Friend,No
GYM3148,33.0,Basic,2,92.0,2.4,25.0,No,Friend,Yes
GYM3241,36.0,Pro,4,73.0,3.7,41.0,Yes,Friend,Yes
GYM3323,17.0,Basic,1,,5.5,34.0,No,Instagram,No
GYM3452,19.0,Pro,1,,4.4,9.0,Yes,Walk-in,No
GYM3283,30.0,Basic,6,46.0,2.6,13.0,Yes,Friend,Yes
GYM3431,33.0,Basic,1,84.0,2.7,13.0,No,Instagram,No
GYM3595,34.0,Basic,4,49.0,2.3,36.0,No,Friend,Yes
GYM3579,21.0,Elite,3,64.0,3.6,30.0,Yes,Advertisement,Yes
GYM3260,24.0,Elite,1,40.0,0.7,13.0,No,Instagram,No
GYM3436,24.0,Pro,2,71.0,11.2,5.0,No,Walk-in,No
GYM3500,26.0,Basic,4,84.0,1.1,12.0,No,Walk-in,No
GYM3319,26.0,Pro,1,48.0,3.7,24.0,No,Friend,No
GYM3199,30.0,Basic,3,49.0,7.7,9.0,No,Instagram,No
GYM3480,25.0,Elite,1,89.0,4.4,36.0,Yes,Walk-in,Yes
GYM3335,27.0,Elite,4,72.0,7.0,45.0,Yes,Instagram,Yes
GYM3544,19.0,Basic,0,59.0,8.4,27.0,No,Friend,No
GYM3217,19.0,Basic,4,84.0,9.9,24.0,Yes,Instagram,Yes
GYM3441,20.0,Basic,3,88.0,8.7,32.0,Yes,Walk-in,Yes
GYM3101,20.0,Pro,1,59.0,,7.0,No,Friend,No
GYM3213,41.0,Pro,6,83.0,10.7,3.0,No,Instagram,Yes
GYM3594,16.0,Pro,3,74.0,1.8,4.0,No,Friend,No
GYM3274,25.0,Elite,4,61.0,3.0,1.0,No,Walk-in,Yes
GYM3353,30.0,Basic,2,79.0,3.2,21.0,Yes,Walk-in,Yes
GYM3538,18.0,Basic,3,101.0,9.1,19.0,No,Walk-in,Yes
GYM3284,32.0,Elite,5,90.0,2.1,14.0,Yes,Walk-in,Yes
GYM3265,39.0,Elite,2,41.0,3.6,33.0,No,Friend,Yes
GYM3472,36.0,Basic,3,59.0,8.0,4.0,No,Instagram,No
GYM3374,37.0,Elite,2,76.0,1.3,9.0,Yes,Friend,Yes
GYM3292,25.0,Pro,4,77.0,10.3,13.0,No,Walk-in,No
GYM3100,33.0,Pro,0,23.0,,21.0,Yes,Friend,No
GYM3154,32.0,Pro,5,53.0,2.6,19.0,No,Advertisement,Yes
GYM3475,26.0,Basic,4,20.0,1.5,5.0,No,Instagram,No
GYM3128,32.0,Basic,5,64.0,3.1,15.0,Yes,Friend,Yes
GYM3306,30.0,Basic,5,,0.4,23.0,No,Walk-in,Yes
GYM3483,35.0,Elite,0,70.0,8.5,34.0,Yes,Friend,Yes
GYM3586,20.0,Basic,3,49.0,8.0,31.0,Yes,Instagram,No
GYM3149,30.0,Pro,5,56.0,4.6,5.0,No,Walk-in,Yes
GYM3450,32.0,Pro,4,61.0,1.2,32.0,No,Friend,Yes
GYM3120,28.0,Basic,3,,8.9,20.0,No,Advertisement,No
GYM3393,27.0,Pro,4,62.0,5.1,10.0,No,Walk-in,Yes
GYM3276,38.0,Basic,3,65.0,3.0,17.0,No,Instagram,No
GYM3435,25.0,Basic,4,,4.0,5.0,No,Instagram,No
GYM3479,20.0,Basic,2,78.0,1.3,26.0,No,Instagram,No
GYM3133,30.0,Basic,4,50.0,6.3,20.0,No,Walk-in,No
GYM3271,19.0,Elite,1,46.0,2.3,34.0,No,Walk-in,No
GYM3107,29.0,Basic,5,,1.4,15.0,No,Walk-in,Yes
GYM3418,23.0,Basic,4,58.0,0.9,9.0,No,Friend,Yes
GYM3598,16.0,Basic,2,39.0,4.1,36.0,No,Advertisement,No
GYM3206,35.0,Basic,4,50.0,3.2,40.0,No,Friend,Yes
GYM3513,39.0,Pro,3,52.0,7.8,5.0,Yes,Walk-in,No
GYM3197,21.0,Basic,3,62.0,3.6,14.0,No,Instagram,No
GYM3210,31.0,Elite,5,27.0,18.7,25.0,Yes,Instagram,No
GYM3460,32.0,Basic,4,95.0,6.2,21.0,No,Instagram,Yes
GYM3169,29.0,Pro,2,68.0,1.3,46.0,No,Walk-in,Yes
GYM3446,25.0,Pro,4,58.0,3.1,15.0,Yes,Friend,Yes
GYM3535,25.0,Basic,3,26.0,3.1,1.0,Yes,Walk-in,No
GYM3229,27.0,Basic,5,61.0,1.6,44.0,No,Friend,Yes
GYM3416,24.0,Basic,2,109.0,1.8,1.0,No,Instagram,No
GYM3547,32.0,Basic,1,69.0,4.3,20.0,Yes,Friend,No
GYM3358,28.0,Pro,5,52.0,1.0,13.0,No,Friend,Yes
GYM3422,31.0,Pro,0,54.0,6.6,7.0,No,Instagram,No
GYM3250,28.0,Basic,3,39.0,0.4,4.0,No,Friend,No
GYM3574,23.0,Pro,2,74.0,10.0,7.0,Yes,Friend,No
GYM3437,26.0,Basic,2,,1.4,7.0,No,Walk-in,No
GYM3126,30.0,Basic,3,81.0,3.2,12.0,No,Friend,Yes
GYM3498,38.0,Basic,1,50.0,11.4,5.0,No,Walk-in,No
GYM3523,38.0,Pro,5,49.0,2.0,7.0,Yes,Advertisement,Yes
GYM3193,37.0,Basic,4,65.0,6.5,14.0,No,Friend,No
GYM3528,29.0,Basic,1,35.0,5.2,1.0,No,Advertisement,No
GYM3248,18.0,Elite,5,120.0,1.4,5.0,No,Instagram,Yes
GYM3580,28.0,Pro,3,77.0,0.4,22.0,Yes,Walk-in,Yes
GYM3522,43.0,Pro,3,,6.9,9.0,Yes,Friend,Yes
GYM3219,16.0,Pro,0,74.0,5.2,11.0,No,Instagram,No
GYM3505,38.0,Pro,3,84.0,3.1,35.0,No,Friend,Yes
GYM3238,30.0,Pro,2,47.0,5.7,28.0,No,Instagram,No
GYM3269,27.0,Basic,0,58.0,2.5,33.0,Yes,Friend,Yes
GYM3463,28.0,Pro,6,,8.4,6.0,No,Walk-in,Yes
GYM3302,31.0,Basic,0,60.0,0.5,2.0,No,Walk-in,No
GYM3247,26.0,Elite,2,,2.7,8.0,No,Instagram,No
GYM3377,26.0,Basic,1,48.0,4.5,40.0,No,Friend,No
GYM3356,18.0,Pro,1,68.0,1.4,46.0,No,Walk-in,Yes
GYM3556,33.0,Basic,1,53.0,,30.0,No,Friend,No
GYM3540,27.0,Basic,5,65.0,1.2,8.0,No,Instagram,Yes
GYM3231,20.0,Elite,1,81.0,2.4,45.0,No,Instagram,Yes
GYM3349,19.0,Basic,5,61.0,4.6,11.0,No,Instagram,Yes
GYM3252,16.0,Basic,4,68.0,8.4,10.0,No,Instagram,No
GYM3462,34.0,Basic,5,93.0,6.1,30.0,No,Friend,Yes
