student_id,cgpa,twelfth_percent,branch,internships,projects,backlogs,prep_hours,communication_score,hostel,placed,package_lpa,cgpa_percent
VS2821,7.41,78.5,IT,0,6,1,188.0,4.3,No,No,0.0,70.4
VS3068,7.52,70.0,CSE,2,3,0,167.0,9.8,Yes,Yes,10.06,71.4
VS2940,7.35,78.3,CSE,2,0,3,199.0,4.8,Yes,Yes,,69.8
VS3138,7.86,60.2,CSE,1,3,0,135.0,8.0,No,Yes,8.63,74.7
VS2670,5.63,88.3,CSE,2,2,0,132.0,6.3,No,Yes,5.22,53.5
VS2740,5.0,91.2,IT,0,1,0,87.0,7.7,Yes,No,0.0,47.5
VS2971,7.79,74.7,CSE,0,4,0,0.0,7.3,Yes,No,0.0,74.0
VS2665,6.12,78.1,ECE,3,1,1,137.0,9.0,No,Yes,,58.1
VS2603,6.95,82.3,ECE,2,2,2,221.0,8.3,Yes,Yes,6.62,66.0
VS2827,6.48,68.0,ECE,2,0,1,56.0,6.6,Yes,No,0.0,61.6
VS3066,7.75,75.6,ECE,1,3,0,85.0,5.6,Yes,Yes,6.21,73.6
VS2770,7.2,62.4,CSE,2,0,0,55.0,4.8,Yes,Yes,6.08,68.4
VS2901,7.8,90.3,CSE,1,1,0,53.0,5.4,Yes,Yes,6.9,74.1
VS3080,7.78,76.5,IT,0,4,0,31.0,7.4,No,Yes,8.28,73.9
VS2701,9.01,64.8,ECE,1,0,1,0.0,4.8,Yes,Yes,6.7,85.6
VS2927,7.74,80.6,ECE,0,6,0,68.0,7.9,No,Yes,7.09,73.5
VS3012,8.29,77.8,CSE,0,2,0,81.0,7.9,Yes,Yes,8.06,78.8
VS2892,8.84,86.3,Civil,1,2,0,132.0,3.4,No,Yes,5.77,84.0
VS2936,8.23,69.5,CSE,3,3,1,119.0,6.9,Yes,Yes,8.54,78.2
VS2754,6.88,78.9,CSE,1,1,1,85.0,5.2,Yes,No,0.0,65.4
VS2951,7.63,75.3,CSE,2,0,0,265.0,5.4,No,No,0.0,72.5
VS2930,8.07,83.1,Mech,1,2,0,120.0,9.5,Yes,Yes,5.38,76.7
VS2844,8.75,62.4,ECE,1,3,1,196.0,6.7,No,Yes,6.91,83.1
VS2893,6.24,82.0,CSE,1,1,0,113.0,3.7,No,Yes,3.77,59.3
VS2655,8.11,76.4,Mech,1,4,4,111.0,4.8,No,No,0.0,77.0
VS2718,5.67,68.7,IT,2,2,3,27.0,5.3,Yes,No,0.0,53.9
VS3017,7.74,81.2,Mech,1,2,1,16.0,5.4,No,No,0.0,73.5
VS3133,6.94,77.6,ECE,3,4,0,138.0,6.7,No,Yes,7.43,65.9
VS3146,7.63,89.3,IT,0,5,0,347.0,7.2,No,Yes,6.72,72.5
VS2697,6.99,70.4,CSE,4,1,0,58.0,7.8,Yes,Yes,8.31,66.4
VS2958,6.97,55.0,IT,1,4,0,93.0,7.6,No,Yes,6.42,66.2
VS2988,7.93,64.4,CSE,1,1,0,113.0,5.9,Yes,Yes,6.41,75.3
VS3118,7.94,80.4,CSE,1,3,0,172.0,3.9,Yes,Yes,8.28,75.4
VS2836,5.62,96.4,IT,1,3,1,0.0,8.2,No,No,0.0,53.4
VS3131,7.25,80.9,ECE,0,1,3,105.0,6.6,No,No,0.0,68.9
VS2881,7.2,74.2,CSE,4,0,2,85.0,7.4,Yes,Yes,7.32,68.4
VS2928,7.82,84.5,ECE,1,1,0,0.0,8.6,No,Yes,6.09,74.3
VS2709,7.98,84.1,Civil,1,3,0,120.0,6.4,Yes,Yes,6.2,75.8
VS2623,7.7,84.0,Mech,0,2,1,107.0,7.0,Yes,Yes,5.37,73.2
VS2990,5.52,60.3,ECE,0,2,0,54.0,7.0,Yes,No,0.0,52.4
VS2715,7.06,97.3,Mech,0,2,0,46.0,7.1,No,Yes,3.96,67.1
VS3025,6.69,75.9,Mech,3,2,1,84.0,,No,Yes,6.49,63.6
VS2848,7.8,62.1,IT,2,3,0,0.0,7.3,Yes,Yes,7.95,74.1
VS3139,8.85,81.2,Mech,0,3,0,194.0,7.4,No,Yes,6.89,84.1
VS2804,7.21,86.0,CSE,4,1,3,108.0,3.3,No,No,0.0,68.5
VS2613,7.65,85.9,Mech,2,1,1,114.0,4.4,No,Yes,4.78,72.7
VS2788,8.09,84.6,Mech,0,2,0,220.0,6.0,Yes,No,0.0,76.9
VS2813,6.38,74.1,Mech,1,3,0,45.0,5.2,Yes,Yes,2.4,60.6
VS2651,5.0,69.1,CSE,0,3,0,160.0,9.1,Yes,Yes,6.01,47.5
VS2856,7.65,96.6,Mech,0,0,0,92.0,7.7,Yes,No,0.0,72.7
VS3020,5.0,66.2,ECE,1,1,0,144.0,4.7,No,No,0.0,47.5
VS3024,6.24,81.3,ECE,0,4,1,418.0,6.9,Yes,No,0.0,59.3
VS2682,7.64,74.4,Mech,0,4,0,110.0,8.4,No,Yes,5.72,72.6
VS2690,8.85,74.4,CSE,3,5,0,138.0,6.1,No,Yes,10.54,84.1
VS2939,6.82,87.7,Civil,0,2,0,113.0,7.8,No,Yes,5.45,64.8
VS2746,7.75,83.2,IT,1,3,0,0.0,6.5,Yes,Yes,6.92,73.6
VS2916,7.77,96.6,IT,3,3,0,0.0,6.6,Yes,Yes,10.15,73.8
VS2689,6.79,73.9,IT,3,3,1,149.0,4.0,No,Yes,6.37,64.5
VS2625,7.31,67.0,CSE,2,2,2,101.0,5.4,No,No,0.0,69.4
VS3087,7.45,66.4,CSE,0,5,0,142.0,5.3,No,Yes,6.59,70.8
VS2652,6.24,75.4,Mech,0,3,1,186.0,6.7,Yes,No,0.0,59.3
VS2871,6.55,75.5,CSE,0,5,0,0.0,5.7,No,Yes,6.03,62.2
VS2791,7.3,93.4,CSE,1,3,1,93.0,8.8,Yes,Yes,6.38,69.4
VS3095,5.29,63.5,ECE,3,4,0,255.0,5.0,No,Yes,6.18,50.3
VS3056,8.03,68.4,Civil,1,2,2,80.0,8.3,No,Yes,6.95,76.3
VS2967,6.72,98.0,ECE,3,2,2,165.0,7.4,Yes,No,0.0,63.8
VS2845,7.41,80.3,Mech,0,1,0,159.0,8.6,No,Yes,4.7,70.4
VS3007,6.25,86.8,Mech,4,3,2,221.0,6.8,Yes,No,0.0,59.4
VS3144,5.81,89.8,CSE,1,2,0,0.0,5.3,Yes,No,0.0,55.2
VS2894,5.28,61.9,Mech,0,1,2,0.0,4.9,Yes,No,,50.2
VS2792,8.53,92.5,CSE,4,6,3,242.0,7.9,Yes,Yes,10.91,81.0
VS3105,6.87,76.8,Mech,1,1,1,0.0,4.5,Yes,No,0.0,65.3
VS2839,6.12,63.1,CSE,2,2,0,177.0,2.3,Yes,No,0.0,58.1
VS2843,7.66,77.8,ECE,3,1,1,284.0,7.8,Yes,Yes,8.17,72.8
VS2900,5.0,92.7,Mech,1,1,0,113.0,5.6,Yes,No,0.0,47.5
VS3063,9.19,80.4,IT,4,1,0,70.0,7.3,No,Yes,10.56,87.3
VS2732,7.38,73.1,ECE,2,4,3,151.0,6.9,No,Yes,6.32,70.1
VS2656,9.4,90.9,IT,0,0,1,93.0,,Yes,Yes,5.07,89.3
VS3106,7.4,61.8,IT,1,4,2,117.0,6.3,No,No,0.0,70.3
VS2950,7.37,85.5,ECE,1,6,0,0.0,6.1,No,Yes,8.32,70.0
VS2638,6.75,74.4,CSE,1,4,1,44.0,3.8,No,No,0.0,64.1
VS3074,8.03,74.3,CSE,2,6,0,392.0,6.4,Yes,Yes,10.46,76.3
VS2960,5.7,89.2,Civil,1,5,3,184.0,8.2,Yes,No,0.0,54.2
VS3136,7.34,83.3,ECE,1,4,0,166.0,4.6,Yes,Yes,,69.7
VS2779,7.18,95.4,Mech,1,1,3,96.0,6.1,No,No,0.0,68.2
VS2768,6.44,59.9,IT,1,0,0,34.0,7.7,Yes,Yes,4.02,61.2
VS2817,9.2,62.2,CSE,0,3,0,0.0,9.2,Yes,Yes,7.42,87.4
VS2720,7.01,67.4,ECE,0,0,0,101.0,5.4,No,No,0.0,66.6
VS2895,5.54,77.8,Civil,2,1,0,158.0,4.4,Yes,Yes,2.87,52.6
VS3098,7.44,88.3,IT,1,6,1,155.0,3.0,Yes,Yes,7.1,70.7
VS3051,7.86,83.6,Mech,0,3,0,109.0,7.4,No,Yes,6.86,74.7
VS2947,7.39,86.2,CSE,0,0,0,179.0,5.2,No,No,0.0,70.2
VS2759,6.94,84.2,Mech,3,1,0,190.0,2.7,Yes,Yes,4.45,65.9
VS2660,9.01,78.0,ECE,1,3,1,0.0,4.7,Yes,Yes,7.43,85.6
VS2863,7.91,82.4,CSE,2,1,0,132.0,6.5,No,Yes,7.08,75.1
VS3088,7.13,79.6,ECE,0,1,0,261.0,5.6,Yes,Yes,4.8,67.7
VS2772,7.15,93.2,CSE,1,4,0,133.0,6.0,Yes,Yes,5.38,67.9
VS2978,6.12,78.9,IT,1,2,1,91.0,7.9,Yes,No,0.0,58.1
VS3060,6.92,93.2,ECE,0,2,0,55.0,,Yes,No,0.0,65.7
VS2953,6.29,69.3,ECE,0,4,0,133.0,6.9,Yes,Yes,4.14,59.8
VS3050,7.84,84.2,CSE,0,2,0,121.0,9.8,Yes,Yes,6.89,74.5
VS2970,5.86,72.1,Mech,2,2,0,111.0,5.0,No,Yes,2.56,55.7
VS3031,9.02,78.7,Mech,2,6,1,111.0,9.1,Yes,Yes,10.22,85.7
VS3010,8.27,79.8,ECE,0,1,0,0.0,4.6,Yes,No,0.0,78.6
VS2946,5.44,68.9,Civil,1,2,1,155.0,5.3,No,No,0.0,51.7
VS3104,7.89,71.0,ECE,0,2,1,156.0,3.8,Yes,No,0.0,75.0
VS3006,7.99,69.9,CSE,1,2,0,190.0,6.1,Yes,Yes,9.04,75.9
VS3148,10.0,93.9,Mech,3,3,0,190.0,6.8,Yes,Yes,9.17,95.0
VS2762,7.15,68.0,CSE,4,1,0,0.0,3.9,No,Yes,7.76,67.9
VS3079,8.16,86.1,IT,2,2,2,165.0,6.1,Yes,Yes,7.55,77.5
VS2943,8.12,81.9,ECE,0,4,1,85.0,,No,Yes,,77.1
VS2883,7.65,60.7,CSE,2,5,1,16.0,6.3,No,Yes,9.77,72.7
VS2630,6.51,86.4,Mech,2,2,1,229.0,6.2,No,No,,61.8
VS2622,7.96,84.1,Civil,3,0,0,54.0,7.0,No,Yes,6.12,75.6
VS3085,6.35,68.6,IT,1,3,0,164.0,5.4,No,Yes,6.02,60.3
VS3004,9.05,81.3,Civil,3,5,4,223.0,6.2,Yes,Yes,10.11,86.0
VS3134,8.53,78.8,CSE,0,1,4,160.0,4.1,No,No,0.0,81.0
VS2738,7.88,55.5,Mech,1,2,0,177.0,6.8,Yes,Yes,7.33,74.9
VS2631,7.33,92.9,Civil,3,3,4,181.0,7.7,Yes,Yes,7.27,69.6
VS2877,7.27,74.2,IT,0,3,0,49.0,9.2,No,Yes,6.32,69.1
VS2880,7.62,75.5,CSE,3,2,0,134.0,10.0,No,Yes,10.23,72.4
VS3121,6.16,77.5,IT,0,1,0,287.0,6.0,Yes,No,0.0,58.5
VS2620,8.06,90.4,Mech,1,3,0,97.0,5.6,Yes,Yes,6.41,76.6
VS2713,9.45,75.4,ECE,0,4,0,281.0,6.0,Yes,Yes,9.29,89.8
VS2600,8.96,92.4,Mech,3,2,4,160.0,6.4,Yes,Yes,8.87,85.1
VS3054,8.14,66.4,CSE,0,2,1,39.0,7.6,No,Yes,7.17,77.3
VS2858,7.2,84.6,CSE,2,1,2,101.0,5.8,No,Yes,7.32,68.4
VS2864,7.79,72.7,Civil,2,2,0,227.0,6.3,No,Yes,6.2,74.0
VS3140,7.32,70.4,Civil,0,3,0,74.0,7.3,Yes,Yes,5.99,69.5
VS2602,6.46,76.5,Mech,1,2,1,80.0,2.9,Yes,No,0.0,61.4
VS3125,6.02,74.9,IT,1,2,0,127.0,7.3,No,Yes,6.14,57.2
VS2658,6.56,78.4,CSE,3,1,0,133.0,6.5,Yes,Yes,7.41,62.3
VS2934,7.48,90.6,CSE,2,5,1,443.0,7.3,No,Yes,8.4,71.1
VS2859,6.32,98.0,ECE,0,2,0,126.0,7.0,No,No,0.0,60.0
VS3084,5.74,66.5,CSE,2,4,0,112.0,8.9,Yes,No,0.0,54.5
VS2867,8.4,81.3,CSE,1,4,0,0.0,6.7,No,Yes,8.37,79.8
VS2674,6.77,72.4,CSE,4,2,0,83.0,7.7,Yes,Yes,8.86,64.3
VS2911,9.31,71.3,IT,3,3,0,61.0,6.0,Yes,Yes,9.88,88.4
VS3072,6.67,70.8,CSE,1,2,0,171.0,6.5,Yes,Yes,7.1,63.4
VS2793,5.12,74.3,Mech,4,2,0,376.0,6.9,Yes,No,0.0,48.6
VS2680,7.94,63.8,ECE,1,3,0,48.0,7.0,Yes,Yes,6.57,75.4
VS3092,7.72,75.8,ECE,0,1,1,89.0,4.2,Yes,No,0.0,73.3
VS2626,7.09,85.0,IT,1,1,0,95.0,2.7,Yes,No,0.0,67.4
VS2832,8.04,86.0,Civil,0,3,0,83.0,6.2,Yes,Yes,5.99,76.4
VS2942,6.39,75.9,Mech,0,3,0,51.0,9.1,No,Yes,4.6,60.7
VS3142,6.29,78.5,Mech,1,5,3,48.0,5.5,Yes,No,0.0,59.8
VS2878,6.16,72.9,Mech,3,1,1,0.0,1.6,No,No,0.0,58.5
VS2794,5.9,81.7,CSE,1,3,0,75.0,9.5,Yes,Yes,7.41,56.0
VS2708,6.29,81.7,CSE,1,1,0,158.0,7.1,No,No,0.0,59.8
VS2747,9.78,85.3,ECE,2,2,0,0.0,5.3,Yes,Yes,,92.9
VS2614,7.22,79.8,IT,0,5,0,246.0,6.6,No,Yes,5.5,68.6
VS2765,6.57,88.4,IT,0,0,1,0.0,7.8,Yes,No,0.0,62.4
VS2714,7.57,85.5,CSE,0,1,0,0.0,4.1,No,No,0.0,71.9
VS3038,6.66,91.1,Mech,4,3,0,0.0,5.0,Yes,Yes,5.02,63.3
VS2774,7.34,81.0,CSE,3,0,0,0.0,8.6,No,Yes,9.16,69.7
VS2659,7.64,77.1,CSE,0,4,2,0.0,5.6,Yes,Yes,5.78,72.6
VS2820,6.51,68.3,IT,1,4,0,144.0,7.7,Yes,Yes,5.32,61.8
VS2764,5.15,72.7,ECE,0,0,2,0.0,4.2,Yes,No,0.0,48.9
VS2698,8.76,79.5,CSE,0,4,0,91.0,5.7,Yes,Yes,8.25,83.2
VS3047,8.5,90.0,ECE,0,5,0,0.0,3.8,Yes,Yes,5.59,80.8
VS3078,7.03,85.7,ECE,4,0,2,0.0,9.6,Yes,Yes,7.29,66.8
VS2641,5.95,82.5,Mech,2,3,0,0.0,4.1,Yes,No,0.0,56.5
VS2903,6.27,74.8,IT,2,2,2,145.0,5.4,Yes,No,0.0,59.6
VS3114,7.5,70.7,IT,0,2,0,82.0,9.9,No,Yes,6.69,71.2
VS2954,6.23,61.6,IT,0,4,0,87.0,6.9,No,Yes,6.16,59.2
VS2773,6.37,70.0,Civil,0,2,2,0.0,6.1,Yes,No,0.0,60.5
VS2679,5.71,55.0,Mech,1,0,1,0.0,6.9,No,No,0.0,54.2
VS2628,6.37,70.1,CSE,2,3,0,105.0,7.2,Yes,Yes,6.68,60.5
VS3021,5.68,72.3,CSE,1,3,0,239.0,5.5,Yes,No,0.0,54.0
VS3014,8.6,67.3,CSE,0,3,0,121.0,7.3,Yes,No,0.0,81.7
VS2750,7.23,83.7,Mech,1,3,1,152.0,7.1,Yes,Yes,6.85,68.7
VS2994,6.83,55.4,CSE,0,4,1,60.0,10.0,Yes,Yes,6.67,64.9
VS2889,7.67,90.5,CSE,3,3,0,133.0,7.7,Yes,Yes,9.03,72.9
VS2985,8.39,87.9,Civil,1,0,0,201.0,5.8,Yes,Yes,5.88,79.7
VS2921,7.04,89.8,IT,0,2,2,286.0,4.8,No,No,0.0,66.9
VS2657,6.22,78.6,ECE,1,3,0,70.0,,No,Yes,4.88,59.1
VS3124,9.85,63.8,CSE,0,4,0,87.0,7.5,Yes,Yes,8.77,93.6
VS2662,7.65,55.0,ECE,0,1,0,164.0,6.3,Yes,Yes,4.62,72.7
VS3033,6.4,87.0,Mech,2,4,3,295.0,1.9,No,No,0.0,60.8
VS2711,5.91,93.3,CSE,0,3,0,56.0,6.4,No,No,0.0,56.1
VS2684,7.85,62.9,CSE,2,2,0,46.0,4.0,Yes,Yes,6.88,74.6
VS2818,7.92,71.4,Civil,0,3,0,0.0,7.0,Yes,Yes,,75.2
VS3076,7.74,71.7,IT,3,1,0,71.0,6.7,No,Yes,7.64,73.5
VS2992,6.53,89.3,ECE,0,4,3,92.0,6.1,Yes,No,0.0,62.0
VS3113,8.1,76.3,CSE,2,3,0,90.0,6.1,Yes,Yes,7.75,77.0
VS2828,8.26,90.3,ECE,0,2,0,0.0,1.2,Yes,No,0.0,78.5
VS3130,7.84,74.2,ECE,2,0,0,324.0,10.0,Yes,Yes,5.81,74.5
VS2729,8.61,98.0,ECE,1,1,1,120.0,5.9,Yes,Yes,6.78,81.8
VS3008,7.31,64.3,CSE,0,2,0,191.0,7.7,No,Yes,6.75,69.4
VS2696,6.87,62.0,IT,0,2,0,112.0,9.6,Yes,Yes,5.54,65.3
VS3053,7.63,87.8,CSE,0,2,1,0.0,1.1,Yes,Yes,6.64,72.5
VS3116,6.54,82.5,IT,0,2,1,58.0,6.0,No,No,0.0,62.1
VS2777,6.49,85.7,Civil,1,1,0,177.0,8.0,Yes,No,0.0,61.7
VS3037,7.14,70.9,IT,2,2,0,251.0,7.6,No,Yes,7.13,67.8
VS3127,7.55,83.1,Civil,0,1,1,79.0,6.5,Yes,No,0.0,71.7
VS2741,8.18,77.6,IT,0,4,1,114.0,7.1,No,Yes,7.05,77.7
VS3115,6.64,81.8,CSE,1,2,0,255.0,3.4,Yes,No,0.0,63.1
VS2837,7.48,76.0,Mech,1,3,0,0.0,7.0,Yes,Yes,6.0,71.1
VS2703,6.99,70.0,Civil,2,2,0,106.0,2.7,No,No,0.0,66.4
VS2816,8.33,86.5,CSE,1,5,0,185.0,9.4,Yes,Yes,10.16,79.1
VS2787,5.84,69.6,CSE,0,3,0,149.0,4.4,Yes,No,0.0,55.5
VS2873,7.74,65.1,ECE,1,0,1,113.0,9.8,No,Yes,5.66,73.5
VS3040,7.43,58.7,Mech,0,1,0,0.0,6.3,Yes,No,0.0,70.6
VS2987,8.84,65.1,Civil,4,3,0,300.0,8.3,Yes,Yes,,84.0
VS2968,6.54,93.2,IT,0,1,0,207.0,7.1,No,No,0.0,62.1
VS2835,7.74,83.7,Mech,1,3,0,116.0,7.1,Yes,Yes,7.32,73.5
VS2681,6.37,66.1,IT,2,5,0,204.0,8.7,Yes,Yes,8.24,60.5
VS2822,7.1,57.2,ECE,2,1,2,0.0,7.5,No,No,0.0,67.4
VS2908,8.83,67.1,CSE,3,5,0,145.0,6.3,No,Yes,12.56,83.9
VS2962,6.84,81.6,CSE,1,4,2,72.0,7.7,No,Yes,6.87,65.0
VS2849,7.46,76.8,IT,1,3,0,305.0,9.0,Yes,Yes,8.22,70.9
VS3086,6.38,71.7,IT,3,2,2,127.0,7.7,Yes,Yes,,60.6
VS2840,9.08,89.9,Mech,3,3,1,0.0,5.6,No,Yes,6.74,86.3
VS3070,8.22,82.0,IT,3,2,0,144.0,5.4,No,Yes,8.07,78.1
VS2653,7.11,71.1,ECE,2,4,0,143.0,8.6,Yes,Yes,8.1,67.5
VS3089,7.06,85.3,ECE,1,1,0,330.0,6.0,Yes,Yes,5.18,67.1
VS2771,8.51,87.7,IT,0,3,4,381.0,7.4,No,Yes,6.77,80.8
VS2800,6.28,75.8,Mech,2,5,0,55.0,4.5,Yes,Yes,5.49,59.7
VS3030,7.81,79.3,Civil,0,4,3,84.0,3.9,Yes,No,,74.2
VS2739,6.88,66.0,CSE,1,6,3,139.0,5.5,No,No,,65.4
VS2918,8.25,76.2,CSE,2,2,0,107.0,4.9,No,Yes,6.77,78.4
VS2666,6.98,84.9,ECE,2,1,1,195.0,6.3,Yes,No,0.0,66.3
VS3069,7.53,83.5,IT,2,1,0,83.0,5.4,No,No,0.0,71.5
VS2933,7.34,62.3,Mech,4,3,3,48.0,5.6,No,Yes,,69.7
VS2959,5.0,65.5,ECE,1,1,1,274.0,6.2,No,No,0.0,47.5
VS3077,8.07,70.7,ECE,0,4,0,80.0,2.4,No,No,0.0,76.7
VS2812,8.59,73.6,CSE,2,3,0,0.0,8.1,No,Yes,9.33,81.6
VS2853,9.2,86.8,CSE,1,3,0,110.0,9.0,Yes,Yes,10.26,87.4
VS3117,6.86,81.2,Mech,2,1,1,172.0,8.5,Yes,Yes,5.5,65.2
VS2699,6.36,81.7,Civil,0,2,3,116.0,7.8,Yes,No,0.0,60.4
VS3100,8.45,81.5,Mech,1,3,0,140.0,8.4,No,Yes,,80.3
VS2748,7.82,72.2,IT,1,2,2,229.0,9.3,No,Yes,7.12,74.3
VS2615,7.15,71.4,CSE,0,4,0,0.0,3.9,No,Yes,5.26,67.9
VS2763,8.35,94.8,CSE,1,1,0,205.0,8.2,No,Yes,9.07,79.3
VS2924,7.43,73.1,Mech,0,1,3,0.0,7.4,Yes,No,0.0,70.6
VS2646,5.95,75.3,IT,2,1,0,118.0,7.6,Yes,Yes,6.18,56.5
VS2686,6.12,69.4,Mech,1,2,3,148.0,4.7,No,No,0.0,58.1
VS2637,7.24,89.3,IT,0,5,0,0.0,2.7,Yes,No,0.0,68.8
VS3073,6.99,72.2,CSE,2,4,3,110.0,5.7,Yes,Yes,7.97,66.4
VS3016,7.04,67.0,CSE,0,2,0,61.0,9.4,No,Yes,6.08,66.9
VS2806,7.56,80.5,CSE,2,3,2,160.0,7.4,Yes,Yes,6.66,71.8
VS3039,8.32,74.8,ECE,1,1,0,92.0,4.2,Yes,Yes,5.46,79.0
VS3093,7.81,81.4,IT,1,1,0,172.0,3.1,Yes,No,0.0,74.2
VS2673,8.67,80.7,CSE,0,3,0,67.0,6.2,Yes,Yes,6.97,82.4
VS2913,9.15,72.6,IT,3,3,1,174.0,8.1,No,Yes,10.65,86.9
VS2704,5.46,84.3,Mech,3,1,0,98.0,6.3,No,Yes,3.54,51.9
VS2870,7.44,76.9,CSE,0,3,1,132.0,4.5,No,No,0.0,70.7
VS2616,7.24,90.3,ECE,0,4,1,33.0,4.7,No,Yes,6.2,68.8
VS2691,6.96,66.5,ECE,1,6,0,0.0,,No,No,0.0,66.1
VS2688,7.64,96.0,CSE,4,2,0,147.0,6.7,No,Yes,,72.6
VS2805,7.68,78.6,CSE,3,5,0,142.0,4.8,Yes,Yes,9.62,73.0
VS2702,9.95,86.5,CSE,2,0,0,248.0,7.0,No,Yes,10.03,94.5
VS2838,6.84,81.8,CSE,0,1,0,79.0,4.9,Yes,No,0.0,65.0
VS3099,7.4,55.9,IT,1,0,3,131.0,4.7,No,No,0.0,70.3
VS2846,7.6,87.7,ECE,0,3,1,203.0,5.9,No,No,0.0,72.2
VS2757,8.19,78.3,ECE,1,4,1,228.0,4.1,Yes,Yes,7.18,77.8
VS2733,6.5,76.1,IT,0,1,0,123.0,5.1,Yes,No,0.0,61.8
VS3018,5.0,66.5,CSE,1,1,2,108.0,6.7,No,No,0.0,47.5
VS2937,6.06,98.0,Mech,1,0,0,91.0,8.6,No,Yes,3.98,57.6
VS2618,6.39,82.9,Mech,1,2,0,0.0,7.8,Yes,No,0.0,60.7
VS2982,7.8,70.8,Mech,0,3,0,113.0,1.7,Yes,No,0.0,74.1
VS2997,7.23,98.0,CSE,1,1,0,405.0,6.4,Yes,Yes,6.44,68.7
VS2884,6.9,86.6,ECE,4,4,1,151.0,6.5,No,Yes,7.73,65.6
VS2874,7.78,81.5,ECE,0,5,0,339.0,5.7,Yes,Yes,5.93,73.9
VS3052,5.87,81.1,ECE,0,2,2,36.0,3.5,Yes,No,0.0,55.8
VS3128,7.81,80.0,Mech,1,1,0,0.0,4.9,No,Yes,4.96,74.2
VS3036,6.04,80.1,CSE,2,5,0,0.0,6.0,Yes,Yes,6.04,57.4
VS2868,8.46,70.7,CSE,1,4,0,247.0,4.6,No,Yes,9.38,80.4
VS2634,6.63,75.6,IT,2,3,0,124.0,4.5,Yes,Yes,4.77,63.0
VS2781,7.39,88.0,Mech,0,3,0,293.0,3.4,No,No,0.0,70.2
VS2807,8.18,64.7,ECE,0,0,1,205.0,6.4,Yes,Yes,5.16,77.7
VS2694,6.78,68.0,IT,0,1,0,353.0,7.3,No,Yes,6.29,64.4
VS3022,7.85,71.8,CSE,3,4,0,0.0,6.7,Yes,Yes,7.75,74.6
VS2722,7.23,73.1,CSE,1,0,4,222.0,7.0,Yes,No,0.0,68.7
VS2981,6.65,87.6,Civil,4,2,0,290.0,6.7,No,Yes,6.81,63.2
VS2678,7.85,92.7,ECE,1,0,0,0.0,8.5,Yes,Yes,5.18,74.6
VS2661,6.18,95.2,IT,3,2,0,140.0,4.2,Yes,Yes,5.73,58.7
VS2851,7.35,59.2,Mech,1,2,0,85.0,5.6,No,Yes,5.0,69.8
VS2725,7.99,71.5,IT,3,3,4,61.0,5.4,No,Yes,8.07,75.9
VS2957,8.64,73.6,Mech,2,3,0,85.0,7.0,Yes,Yes,7.53,82.1
VS2955,6.31,80.4,ECE,1,3,0,132.0,5.1,No,Yes,3.53,59.9
VS3147,8.72,55.0,CSE,0,2,1,0.0,5.8,Yes,No,0.0,82.8
VS3082,8.84,79.4,ECE,0,3,0,118.0,5.6,No,Yes,6.53,84.0
VS3067,8.17,60.2,Civil,1,1,3,100.0,4.1,Yes,No,0.0,77.6
VS2624,9.44,83.2,Mech,2,1,4,121.0,5.8,Yes,Yes,6.9,89.7
VS2969,7.88,74.9,Mech,1,2,1,166.0,5.8,Yes,No,0.0,74.9
VS3001,7.41,82.5,Civil,3,4,4,73.0,6.3,Yes,Yes,8.29,70.4
VS3145,6.49,79.9,IT,3,0,0,189.0,5.9,No,Yes,5.42,61.7
VS2726,7.72,71.3,IT,0,0,0,116.0,8.1,Yes,Yes,4.99,73.3
VS3064,8.71,77.0,ECE,3,3,0,183.0,6.4,Yes,Yes,8.16,82.7
VS2922,6.91,74.8,IT,2,2,3,264.0,3.6,No,No,0.0,65.6
VS3097,5.22,78.3,ECE,3,2,0,264.0,5.2,Yes,Yes,4.37,49.6
VS3026,8.77,83.0,CSE,1,5,0,188.0,8.4,Yes,Yes,8.47,83.3
VS2823,6.38,84.1,Civil,1,1,0,0.0,5.2,Yes,No,0.0,60.6
VS3003,8.57,79.1,CSE,0,1,1,124.0,6.2,Yes,Yes,,81.4
VS2693,7.67,76.8,IT,0,2,0,171.0,3.6,Yes,No,0.0,72.9
VS2669,7.64,88.2,IT,1,1,0,0.0,6.8,Yes,Yes,6.36,72.6
VS2636,8.14,78.8,CSE,4,3,0,125.0,7.9,No,Yes,9.85,77.3
VS2896,7.43,81.6,Civil,0,4,0,73.0,6.9,No,Yes,5.85,70.6
VS2760,6.98,93.5,CSE,1,3,1,0.0,6.8,Yes,Yes,5.75,66.3
VS2611,5.71,72.0,Civil,2,2,0,0.0,7.3,No,Yes,4.26,54.2
VS2744,6.08,85.8,IT,0,5,1,47.0,7.1,Yes,No,0.0,57.8
VS3005,7.71,85.8,Mech,1,3,1,173.0,6.3,No,Yes,6.41,73.2
VS2727,6.53,70.9,CSE,1,4,4,291.0,7.3,Yes,Yes,6.74,62.0
VS2926,7.41,84.9,Mech,2,2,0,52.0,10.0,No,Yes,8.09,70.4
VS2902,8.96,55.0,ECE,4,3,3,163.0,9.0,Yes,Yes,,85.1
VS2609,5.01,84.5,IT,3,0,0,147.0,2.6,No,No,0.0,47.6
VS3027,6.92,56.9,Mech,0,3,0,187.0,7.0,No,Yes,5.16,65.7
VS2776,6.42,71.7,IT,2,6,0,279.0,6.6,No,Yes,7.58,61.0
VS2831,8.65,66.2,IT,1,3,2,0.0,7.2,Yes,Yes,8.64,82.2
VS2810,5.15,86.2,ECE,1,4,2,0.0,6.6,Yes,No,0.0,48.9
VS2728,7.58,69.2,CSE,0,4,0,236.0,6.4,Yes,Yes,6.69,72.0
VS2743,6.69,82.1,ECE,2,2,0,171.0,6.3,Yes,Yes,,63.6
VS2841,9.13,70.4,Mech,0,4,0,202.0,7.7,Yes,Yes,8.52,86.7
VS2607,6.86,64.0,Mech,2,3,1,91.0,7.0,Yes,Yes,,65.2
VS2898,7.28,79.8,Mech,3,1,0,290.0,1.1,Yes,No,0.0,69.2
VS2910,7.06,68.8,IT,0,3,0,107.0,6.7,Yes,Yes,5.73,67.1
VS2854,8.29,80.7,CSE,1,2,0,224.0,6.8,No,Yes,7.3,78.8
VS3023,7.88,91.3,CSE,1,3,0,105.0,10.0,No,Yes,8.18,74.9
VS2608,8.55,62.6,CSE,1,0,0,78.0,4.9,Yes,Yes,6.8,81.2
VS2756,6.92,70.1,CSE,0,1,0,240.0,6.9,No,Yes,6.61,65.7
VS2627,6.65,64.4,CSE,0,2,1,0.0,8.0,No,No,0.0,63.2
VS2866,7.28,98.0,CSE,0,2,1,105.0,6.2,No,Yes,6.78,69.2
VS2914,7.31,82.6,IT,0,0,1,165.0,7.1,Yes,Yes,,69.4
VS2664,5.75,72.6,ECE,0,3,2,49.0,5.2,Yes,No,0.0,54.6
VS2855,7.41,82.1,Mech,0,2,0,273.0,5.9,Yes,Yes,,70.4
VS2980,6.32,81.6,ECE,1,5,0,161.0,6.9,No,Yes,6.71,60.0
VS2753,8.65,66.2,ECE,1,2,0,314.0,4.9,Yes,No,0.0,82.2
VS2648,8.65,77.0,ECE,1,2,0,111.0,5.9,Yes,Yes,,82.2
VS2808,8.21,77.8,CSE,1,3,1,0.0,1.8,Yes,Yes,5.55,78.0
VS2887,7.0,66.7,IT,1,5,0,119.0,7.1,No,Yes,7.81,66.5
VS2601,7.04,80.4,IT,1,2,0,181.0,6.0,Yes,No,0.0,66.9
VS2941,7.68,75.8,Civil,0,3,0,223.0,4.5,No,No,0.0,73.0
VS2865,5.61,67.7,CSE,2,4,4,228.0,7.3,Yes,No,,53.3
VS2975,6.78,92.7,CSE,4,2,2,0.0,4.9,Yes,Yes,7.25,64.4
VS3075,7.4,64.2,IT,1,4,0,216.0,6.3,No,No,0.0,70.3
VS2695,7.87,77.2,ECE,0,2,0,44.0,7.0,No,Yes,5.3,74.8
VS3123,7.51,90.6,ECE,2,1,0,107.0,7.4,Yes,Yes,5.77,71.3
VS2952,8.35,68.7,ECE,0,3,0,274.0,8.3,Yes,Yes,6.61,79.3
VS2642,7.33,78.0,ECE,1,6,2,90.0,,Yes,Yes,6.61,69.6
VS2961,6.57,71.4,CSE,0,0,0,119.0,6.4,Yes,No,0.0,62.4
VS2964,7.44,92.4,ECE,1,1,0,0.0,3.3,No,Yes,4.68,70.7
VS2716,7.26,97.6,Mech,3,3,0,247.0,7.4,Yes,Yes,5.23,69.0
VS2761,7.71,90.8,Civil,1,4,0,59.0,5.5,No,Yes,6.47,73.2
VS3041,7.12,65.3,CSE,1,4,0,208.0,6.5,Yes,Yes,6.89,67.6
VS2717,8.02,65.7,ECE,1,4,0,56.0,10.0,Yes,Yes,8.17,76.2
VS2888,7.64,91.3,ECE,0,5,0,106.0,5.5,Yes,Yes,5.5,72.6
VS2677,8.16,78.0,ECE,2,3,0,0.0,4.9,No,Yes,5.65,77.5
VS3101,8.59,89.9,Mech,1,2,3,65.0,7.1,Yes,Yes,7.12,81.6
VS2663,9.22,58.0,Mech,2,2,0,118.0,5.6,Yes,Yes,7.99,87.6
VS2938,6.99,88.0,CSE,0,2,1,172.0,7.0,No,No,0.0,66.4
VS3049,5.98,56.7,ECE,0,3,0,126.0,6.4,Yes,No,0.0,56.8
VS3045,6.4,73.8,ECE,0,2,0,168.0,6.9,No,Yes,5.86,60.8
VS2830,7.84,74.5,CSE,0,3,0,60.0,7.5,No,Yes,7.13,74.5
VS2897,7.43,83.6,Mech,2,1,0,124.0,4.4,No,Yes,4.77,70.6
VS2786,6.18,76.8,IT,4,1,0,103.0,8.2,No,Yes,6.46,58.7
VS2989,8.76,63.7,Mech,0,3,3,0.0,4.6,No,Yes,,83.2
VS2965,7.09,76.6,IT,0,0,1,0.0,6.9,No,No,0.0,67.4
VS2995,7.23,76.1,IT,1,2,0,191.0,2.6,No,No,0.0,68.7
VS2721,9.25,64.8,ECE,2,1,0,233.0,6.8,Yes,Yes,8.54,87.9
VS3126,8.87,91.6,Civil,2,4,3,105.0,4.9,No,Yes,6.99,84.3
VS3096,7.04,65.4,IT,0,1,0,73.0,3.7,Yes,Yes,5.09,66.9
VS2907,7.07,90.5,ECE,1,5,0,54.0,5.0,Yes,Yes,6.21,67.2
VS3122,7.2,89.3,CSE,1,4,1,0.0,3.7,No,Yes,6.45,68.4
VS2758,8.9,83.7,Mech,1,3,0,121.0,5.6,No,No,0.0,84.6
VS2685,6.59,68.1,CSE,1,2,1,25.0,5.2,No,No,0.0,62.6
VS2825,9.19,75.5,Civil,1,2,0,279.0,6.0,No,Yes,6.86,87.3
VS2976,9.46,76.9,Civil,0,5,1,193.0,5.4,No,Yes,6.6,89.9
VS2862,6.15,82.3,IT,1,1,0,164.0,7.7,No,No,0.0,58.4
VS2931,6.42,73.8,CSE,3,3,3,448.0,5.1,Yes,No,,61.0
VS3059,7.1,68.7,ECE,0,4,1,178.0,7.8,Yes,Yes,5.89,67.4
VS2676,7.94,79.1,CSE,2,0,0,76.0,6.1,Yes,Yes,7.13,75.4
VS3046,6.36,88.8,Civil,3,4,1,69.0,6.5,Yes,Yes,6.07,60.4
VS3109,8.21,68.2,CSE,0,2,0,39.0,7.5,Yes,Yes,,78.0
VS2687,8.11,98.0,IT,0,3,1,66.0,7.6,No,Yes,6.06,77.0
VS3149,6.81,81.8,IT,3,4,0,150.0,9.1,No,Yes,6.74,64.7
VS2782,8.1,79.0,IT,3,4,1,214.0,4.6,No,Yes,7.63,77.0
VS2705,7.09,77.9,ECE,2,2,0,45.0,4.7,Yes,Yes,4.55,67.4
VS3057,6.0,85.5,IT,1,2,1,97.0,4.9,No,No,0.0,57.0
VS2649,7.15,75.6,CSE,2,3,0,325.0,7.4,No,Yes,7.22,67.9
VS3035,7.36,61.2,CSE,1,2,3,0.0,7.5,No,No,0.0,69.9
VS2605,5.83,79.1,Civil,2,5,1,52.0,5.6,Yes,No,0.0,55.4
VS2617,7.6,93.8,CSE,1,1,1,0.0,5.1,Yes,No,,72.2
VS2834,8.04,82.0,Civil,0,4,1,192.0,6.9,Yes,Yes,6.25,76.4
VS3061,8.27,75.4,CSE,0,4,0,55.0,5.7,No,No,0.0,78.6
VS2972,7.5,83.1,IT,2,5,0,65.0,7.1,No,Yes,6.88,71.2
VS3055,7.77,98.0,CSE,1,3,0,293.0,6.2,Yes,Yes,7.51,73.8
VS2706,7.11,64.2,IT,1,6,0,363.0,6.6,No,Yes,6.39,67.5
VS2734,7.06,70.9,ECE,2,3,4,0.0,9.4,No,No,0.0,67.1
VS3120,7.84,67.3,Mech,3,3,0,0.0,5.5,No,Yes,6.38,74.5
VS2826,8.54,55.0,CSE,0,3,0,131.0,7.3,No,Yes,8.57,81.1
VS2814,5.54,56.7,ECE,2,2,0,0.0,5.2,Yes,No,0.0,52.6
VS2790,6.38,83.9,Civil,0,5,3,0.0,5.2,Yes,No,0.0,60.6
VS3107,8.39,55.0,Mech,1,4,0,181.0,7.9,Yes,Yes,7.43,79.7
VS2920,8.37,63.9,Civil,0,2,3,163.0,5.3,Yes,No,0.0,79.5
VS2882,6.82,87.2,CSE,0,3,0,164.0,4.5,Yes,Yes,5.1,64.8
VS2629,6.16,91.0,ECE,4,2,1,0.0,6.1,No,Yes,5.43,58.5
VS2769,6.48,76.3,Civil,2,4,0,0.0,4.7,Yes,No,0.0,61.6
VS2780,8.05,73.2,Mech,2,3,2,285.0,5.9,No,Yes,6.39,76.5
VS2700,5.0,82.2,Civil,2,5,0,370.0,4.0,No,No,0.0,47.5
VS2797,7.68,72.0,Mech,3,1,0,128.0,7.0,Yes,Yes,6.65,73.0
VS2809,5.78,98.0,IT,1,3,1,359.0,8.5,Yes,Yes,7.33,54.9
VS2735,7.32,55.0,CSE,2,2,0,0.0,7.9,Yes,Yes,7.55,69.5
VS3129,7.52,75.8,IT,0,2,0,117.0,5.8,Yes,Yes,,71.4
VS3119,6.44,93.8,Mech,0,3,0,210.0,5.3,No,Yes,4.45,61.2
VS2798,8.17,94.2,CSE,0,3,0,0.0,4.8,No,Yes,6.35,77.6
VS2973,7.25,76.9,IT,2,3,4,260.0,5.4,No,No,0.0,68.9
VS2766,6.62,78.7,Mech,0,4,0,169.0,5.2,Yes,No,0.0,62.9
VS3043,7.62,75.7,CSE,0,2,1,0.0,8.5,No,Yes,6.21,72.4
VS2736,5.69,64.2,Civil,2,4,1,93.0,5.2,No,No,0.0,54.1
VS2885,6.77,74.2,IT,3,2,0,173.0,7.8,No,Yes,7.1,64.3
VS2935,6.71,91.7,ECE,0,2,1,56.0,6.7,Yes,Yes,5.83,63.7
VS2996,9.28,76.4,Mech,3,2,1,87.0,5.7,No,Yes,9.39,88.2
VS3013,7.89,71.8,Mech,2,5,0,130.0,6.8,No,Yes,7.55,75.0
VS2731,5.71,86.9,Civil,1,0,0,196.0,5.0,No,No,0.0,54.2
VS2639,7.95,81.5,ECE,3,0,0,0.0,6.2,Yes,Yes,4.35,75.5
VS3071,7.34,62.3,IT,3,5,2,432.0,6.3,Yes,Yes,9.18,69.7
VS2815,7.5,80.6,Mech,1,3,0,149.0,7.0,Yes,Yes,5.93,71.2
VS2643,7.66,70.5,IT,4,2,1,139.0,6.9,No,Yes,8.23,72.8
VS2654,6.33,91.8,ECE,1,4,3,216.0,4.6,Yes,No,0.0,60.1
VS3132,8.85,75.5,IT,3,3,0,0.0,4.4,Yes,Yes,9.1,84.1
VS2899,8.61,80.9,ECE,1,3,1,190.0,4.6,Yes,Yes,6.68,81.8
VS2860,7.25,75.9,CSE,1,5,0,0.0,8.4,Yes,Yes,7.94,68.9
VS2904,7.02,76.4,Mech,1,3,1,130.0,7.9,No,Yes,5.55,66.7
VS2915,7.53,59.3,IT,1,5,1,139.0,5.6,Yes,Yes,7.51,71.5
VS2999,7.17,74.1,IT,0,4,0,145.0,,Yes,Yes,,68.1
VS2909,9.24,81.4,CSE,2,4,0,64.0,5.1,Yes,Yes,9.09,87.8
VS2876,8.5,82.7,IT,3,3,4,0.0,5.5,Yes,Yes,8.41,80.8
VS2724,6.3,77.0,CSE,2,2,0,145.0,8.2,Yes,Yes,6.38,59.8
VS2742,7.67,90.9,Civil,1,0,0,76.0,6.8,Yes,Yes,7.05,72.9
VS2710,7.92,76.6,IT,1,2,0,146.0,8.8,Yes,Yes,5.47,75.2
VS2923,8.31,76.0,ECE,1,2,2,142.0,5.8,Yes,No,0.0,78.9
VS2932,5.96,98.0,ECE,1,2,0,69.0,2.0,Yes,No,0.0,56.6
VS2993,7.52,77.9,ECE,1,2,0,124.0,5.9,Yes,Yes,6.61,71.4
VS3103,6.9,83.5,IT,1,2,1,156.0,4.7,Yes,Yes,7.46,65.6
VS2707,7.21,74.8,CSE,2,1,0,294.0,4.6,No,Yes,7.17,68.5
VS3110,8.08,73.4,CSE,4,5,0,301.0,5.1,No,Yes,9.02,76.8
VS2612,6.57,78.1,ECE,2,3,0,0.0,6.1,No,Yes,5.15,62.4
VS2872,6.32,83.6,CSE,1,2,3,74.0,6.6,Yes,No,0.0,60.0
VS2647,8.74,95.7,CSE,1,4,0,67.0,5.8,Yes,Yes,9.0,83.0
VS3042,7.29,55.0,Mech,1,2,1,237.0,5.8,No,Yes,4.95,69.3
VS3090,8.02,62.1,ECE,0,3,0,316.0,8.6,Yes,Yes,6.33,76.2
VS2719,7.56,92.8,ECE,3,3,0,252.0,5.9,No,Yes,6.36,71.8
VS2621,7.79,89.3,IT,2,2,2,86.0,9.7,Yes,Yes,8.07,74.0
VS3002,7.85,83.6,Mech,1,5,1,125.0,5.9,No,Yes,5.63,74.6
VS3034,7.29,58.0,CSE,3,4,1,188.0,5.8,No,Yes,8.84,69.3
VS2683,5.98,75.5,CSE,3,2,2,0.0,7.7,Yes,No,0.0,56.8
VS3111,6.45,64.1,Mech,2,0,1,163.0,6.4,Yes,No,0.0,61.3
VS2983,7.96,69.5,IT,1,2,0,80.0,4.9,No,Yes,6.87,75.6
VS3065,7.29,91.6,ECE,1,2,0,193.0,8.1,No,Yes,5.48,69.3
VS2929,5.46,77.9,CSE,3,2,0,199.0,7.8,No,No,0.0,51.9
VS2829,8.04,55.0,CSE,0,3,4,125.0,6.7,Yes,No,0.0,76.4
VS3143,7.17,85.6,Civil,3,1,0,75.0,6.9,Yes,Yes,5.53,68.1
VS2886,7.71,81.8,CSE,4,0,0,114.0,9.5,No,Yes,9.7,73.2
VS2723,9.07,82.2,IT,0,3,0,206.0,6.3,Yes,Yes,9.09,86.2
VS2633,7.45,66.5,IT,1,2,0,100.0,5.4,Yes,Yes,6.22,70.8
VS2875,8.69,97.1,IT,2,5,1,0.0,,Yes,Yes,9.47,82.6
VS2604,7.85,78.6,CSE,0,1,0,254.0,6.3,No,Yes,7.72,74.6
VS3011,7.61,71.8,ECE,1,1,3,0.0,,Yes,No,0.0,72.3
VS2619,8.11,87.7,ECE,1,2,3,0.0,5.8,No,No,0.0,77.0
VS3091,7.74,78.3,ECE,1,6,0,500.0,3.2,Yes,Yes,6.64,73.5
VS2819,7.03,66.4,IT,3,2,0,0.0,7.2,Yes,Yes,8.2,66.8
VS2979,7.47,95.9,Mech,0,5,2,159.0,5.8,Yes,No,0.0,71.0
VS2667,6.88,82.7,IT,3,5,1,73.0,8.6,Yes,Yes,9.56,65.4
VS3081,6.17,74.1,CSE,2,3,4,392.0,4.1,Yes,No,0.0,58.6
VS3019,7.78,85.1,Civil,2,4,0,0.0,7.9,No,Yes,7.76,73.9
VS2956,7.69,77.2,Mech,1,3,0,140.0,6.2,No,Yes,5.63,73.1
VS2749,7.79,83.6,CSE,1,2,0,0.0,4.6,Yes,Yes,7.09,74.0
VS2824,9.45,85.5,CSE,0,3,0,175.0,6.9,Yes,Yes,8.46,89.8
VS2847,6.31,80.9,IT,2,4,3,0.0,7.2,No,No,0.0,59.9
VS3108,6.84,87.4,IT,2,1,0,83.0,7.9,Yes,Yes,5.69,65.0
VS2751,8.22,72.5,Mech,3,2,4,125.0,5.9,No,No,0.0,78.1
VS3141,7.2,83.8,ECE,4,3,3,87.0,4.5,Yes,Yes,6.42,68.4
VS2917,10.0,84.0,ECE,0,4,0,58.0,6.3,No,Yes,8.54,95.0
VS3048,6.99,76.3,CSE,0,0,0,71.0,4.2,No,No,0.0,66.4
VS2891,6.92,62.9,CSE,1,2,0,231.0,4.6,No,No,0.0,65.7
VS2833,8.14,71.2,ECE,3,3,0,120.0,9.2,Yes,Yes,8.03,77.3
VS2610,6.61,75.2,IT,1,3,0,166.0,7.1,Yes,No,0.0,62.8
VS2879,7.08,73.9,Mech,0,4,3,68.0,4.7,Yes,No,0.0,67.3
VS2671,7.92,79.8,IT,0,6,1,136.0,3.5,Yes,Yes,6.28,75.2
VS2852,7.32,67.3,IT,1,4,1,196.0,7.8,No,Yes,6.77,69.5
VS2692,7.43,58.9,IT,0,0,0,500.0,6.3,Yes,Yes,4.71,70.6
VS3028,9.64,77.6,CSE,1,4,0,176.0,4.7,Yes,Yes,8.98,91.6
VS2949,7.3,84.5,CSE,1,3,0,0.0,3.8,Yes,Yes,7.64,69.4
VS3015,7.69,74.5,CSE,2,3,0,125.0,4.0,No,No,0.0,73.1
VS2974,8.99,74.0,CSE,3,1,0,162.0,8.3,Yes,Yes,9.74,85.4
VS3000,7.48,95.1,IT,1,5,0,135.0,7.8,No,Yes,7.4,71.1
VS2857,7.44,82.7,CSE,1,1,0,209.0,7.9,Yes,Yes,7.13,70.7
VS2672,6.82,87.6,Mech,0,3,0,46.0,8.8,No,Yes,5.61,64.8
VS2795,6.48,71.8,CSE,2,2,0,195.0,3.9,Yes,Yes,,61.6
VS3083,6.9,69.8,IT,2,2,0,0.0,5.3,Yes,Yes,5.82,65.6
VS2737,5.78,59.9,IT,0,2,3,169.0,7.3,No,No,0.0,54.9
VS3094,8.02,77.9,Mech,1,1,0,90.0,4.6,No,Yes,5.77,76.2
VS3062,8.88,86.4,Civil,2,4,0,164.0,6.4,Yes,Yes,6.93,84.4
VS2801,7.85,89.9,Civil,1,1,0,0.0,7.6,Yes,Yes,6.54,74.6
VS2912,7.44,92.8,CSE,1,3,0,62.0,4.8,No,Yes,7.93,70.7
VS2890,6.26,87.6,Mech,1,3,0,307.0,5.2,Yes,No,0.0,59.5
VS2712,8.1,88.1,IT,2,2,0,182.0,5.1,Yes,Yes,6.47,77.0
VS2783,6.36,86.0,IT,1,4,0,295.0,6.9,Yes,Yes,4.59,60.4
VS2752,8.03,66.8,CSE,1,2,0,117.0,9.4,No,Yes,7.4,76.3
VS2644,6.5,75.6,Mech,3,1,0,34.0,7.2,Yes,No,0.0,61.8
VS3044,8.02,76.1,CSE,1,1,0,0.0,5.0,Yes,Yes,6.28,76.2
VS2606,8.04,73.9,Mech,3,1,0,110.0,5.4,Yes,Yes,6.57,76.4
VS2850,6.1,85.4,ECE,4,2,0,103.0,3.5,Yes,No,0.0,58.0
VS2675,6.76,85.0,CSE,2,2,0,191.0,5.1,No,Yes,8.17,64.2
VS3112,8.37,63.9,CSE,4,2,0,103.0,5.9,Yes,Yes,7.52,79.5
VS3032,7.53,83.5,ECE,0,2,3,20.0,6.7,No,No,0.0,71.5
VS2668,8.21,74.2,CSE,0,4,0,157.0,5.5,Yes,Yes,7.66,78.0
VS2767,5.08,73.9,Mech,0,6,0,134.0,9.1,Yes,No,,48.3
VS2966,8.45,80.9,Mech,2,2,1,90.0,7.6,No,Yes,7.31,80.3
VS2945,5.51,79.8,Mech,1,3,0,248.0,5.3,No,No,0.0,52.3
VS3135,6.76,71.2,CSE,1,5,1,167.0,4.4,No,No,0.0,64.2
VS2998,7.81,63.4,IT,4,4,0,89.0,5.1,Yes,Yes,8.52,74.2
VS2785,7.19,77.5,ECE,3,4,0,84.0,6.5,No,Yes,6.68,68.3
VS2811,8.4,79.7,ECE,1,4,0,173.0,5.0,Yes,Yes,6.22,79.8
VS3102,7.6,76.5,Civil,0,4,0,0.0,6.7,Yes,Yes,5.68,72.2
VS3137,6.33,98.0,CSE,2,4,0,0.0,5.6,No,Yes,8.97,60.1
VS2796,8.86,78.2,ECE,3,1,0,259.0,6.4,Yes,Yes,7.51,84.2
VS2775,8.45,70.7,CSE,0,3,0,0.0,5.1,Yes,Yes,8.45,80.3
