flight_id,airline,weather,day_type,departure_hour,airport_traffic,plane_age_years,distance_km,delayed
FL3001,BlueWing,Clear,Weekday,11,18.0,11.0,665,0
FL3002,BlueWing,Clear,Weekend,18,44.0,20.0,2589,1
FL3003,SkyJet,Clear,Weekend,21,34.0,,1181,0
FL3004,SkyJet,Clear,Weekday,8,10.0,15.0,1960,0
FL3005,BlueWing,Clear,Weekday,14,46.0,6.0,2325,0
FL3006,FlyHigh,Clear,Weekday,7,32.0,13.0,2494,0
FL3007,SkyJet,Rain,Weekend,15,39.0,2.0,950,1
FL3008,SkyJet,Clear,Weekday,7,38.0,5.0,2496,0
FL3009,BlueWing,Clear,Weekday,6,39.0,9.0,2621,0
FL3010,AirNova,Clear,Weekday,6,45.0,18.0,1277,0
FL3011,AirNova,Fog,Weekday,19,59.0,1.0,2245,1
FL3012,AirNova,Rain,Weekday,9,38.0,9.0,692,1
FL3013,SkyJet,Rain,Weekend,21,33.0,10.0,1316,1
FL3014,AirNova,Clear,Weekday,14,45.0,18.0,455,1
FL3015,AirNova,Clear,Weekday,22,41.0,17.0,329,0
FL3016,AirNova,Clear,Weekend,11,10.0,4.0,373,0
FL3017,AirNova,Clear,Weekday,12,40.0,17.0,857,1
FL3018,BlueWing,Clear,Weekend,12,31.0,15.0,2794,0
FL3019,BlueWing,Storm,Weekday,15,33.0,13.0,2462,1
FL3020,BlueWing,Clear,Weekend,11,19.0,17.0,2386,0
FL3021,SkyJet,Rain,Weekday,7,56.0,11.0,2003,1
FL3022,BlueWing,Fog,Weekend,19,41.0,20.0,650,1
FL3023,AirNova,Clear,Weekday,11,30.0,12.0,374,0
FL3024,FlyHigh,Rain,Weekday,22,31.0,18.0,2093,1
FL3025,FlyHigh,Rain,Weekday,21,33.0,20.0,1065,1
FL3026,SkyJet,Clear,Weekday,6,34.0,9.0,2031,0
FL3027,FlyHigh,Rain,Weekday,20,44.0,3.0,456,1
FL3028,SkyJet,Clear,Weekday,9,40.0,14.0,278,1
FL3029,BlueWing,Clear,Weekday,13,30.0,11.0,339,0
FL3030,BlueWing,Rain,Weekend,11,33.0,5.0,771,0
FL3031,FlyHigh,Clear,Weekday,20,42.0,8.0,2593,1
FL3032,FlyHigh,Clear,Weekday,16,25.0,11.0,558,0
FL3033,BlueWing,Rain,Weekday,15,31.0,8.0,2752,1
FL3034,FlyHigh,Rain,Weekday,11,46.0,9.0,1953,0
FL3035,AirNova,Clear,Weekend,19,35.0,2.0,1459,1
FL3036,SkyJet,Clear,Weekend,20,51.0,8.0,584,1
FL3037,SkyJet,Rain,Weekend,11,23.0,18.0,699,0
FL3038,AirNova,Clear,Weekday,6,30.0,9.0,982,0
FL3039,BlueWing,Clear,Weekday,13,27.0,19.0,793,0
FL3040,AirNova,Clear,Weekend,18,26.0,9.0,686,0
FL3041,BlueWing,Rain,Weekday,17,44.0,6.0,2179,1
FL3042,SkyJet,Clear,Weekday,13,47.0,20.0,1948,1
FL3043,FlyHigh,Rain,Weekend,19,37.0,17.0,2315,1
FL3044,AirNova,Clear,Weekday,11,34.0,5.0,929,0
FL3045,FlyHigh,Fog,Weekday,21,55.0,16.0,503,1
FL3046,BlueWing,Rain,Weekday,16,54.0,5.0,1381,1
FL3047,BlueWing,Clear,Weekday,9,13.0,4.0,536,0
FL3048,AirNova,Rain,Weekday,19,35.0,10.0,2417,1
FL3049,SkyJet,Rain,Weekend,14,14.0,10.0,2539,0
FL3050,AirNova,Clear,Weekday,16,19.0,9.0,920,0
FL3051,AirNova,Clear,Weekday,8,29.0,2.0,2736,0
FL3052,AirNova,Clear,Weekend,21,23.0,8.0,409,0
FL3053,FlyHigh,Rain,Weekend,16,42.0,13.0,2654,1
FL3054,AirNova,Clear,Weekday,14,31.0,13.0,1054,0
FL3055,BlueWing,Fog,Weekend,7,33.0,7.0,1016,0
FL3056,SkyJet,Clear,Weekend,20,35.0,19.0,1697,1
FL3057,BlueWing,Fog,Weekday,7,55.0,20.0,2772,1
FL3058,AirNova,Clear,Weekend,12,39.0,19.0,2758,0
FL3059,SkyJet,Clear,Weekday,13,46.0,16.0,1688,0
FL3060,AirNova,Clear,Weekday,11,42.0,4.0,1180,0
FL3061,FlyHigh,Clear,Weekday,14,49.0,19.0,717,1
FL3062,BlueWing,Clear,Weekend,16,36.0,14.0,2047,0
FL3063,AirNova,Clear,Weekday,5,35.0,12.0,469,0
FL3064,FlyHigh,Rain,Weekday,19,50.0,17.0,848,1
FL3065,AirNova,Fog,Weekday,8,38.0,15.0,1565,0
FL3066,SkyJet,Fog,Weekday,9,18.0,20.0,762,1
FL3067,SkyJet,Fog,Weekday,8,22.0,14.0,627,0
FL3068,BlueWing,Clear,Weekday,21,31.0,4.0,2303,1
FL3069,AirNova,Clear,Weekend,10,41.0,11.0,816,0
FL3070,SkyJet,Fog,Weekday,21,27.0,17.0,1622,1
FL3071,FlyHigh,Fog,Weekend,12,52.0,7.0,2463,1
FL3072,SkyJet,Storm,Weekday,15,40.0,11.0,408,1
FL3073,BlueWing,Storm,Weekday,12,33.0,11.0,2414,1
FL3074,AirNova,Clear,Weekday,6,22.0,18.0,318,0
FL3075,BlueWing,Clear,Weekday,12,44.0,3.0,2433,0
FL3076,AirNova,Clear,Weekday,18,43.0,3.0,1506,0
FL3077,SkyJet,Clear,Weekend,5,23.0,2.0,2045,0
FL3078,BlueWing,Clear,Weekday,10,50.0,17.0,2426,1
FL3079,SkyJet,Rain,Weekday,22,49.0,1.0,1074,1
FL3080,AirNova,Clear,Weekday,18,52.0,11.0,2327,1
FL3081,BlueWing,Clear,Weekday,15,35.0,18.0,1911,1
FL3082,FlyHigh,Clear,Weekday,16,46.0,6.0,2395,1
FL3083,AirNova,Clear,Weekday,11,13.0,4.0,1119,0
FL3084,BlueWing,Clear,Weekday,6,40.0,20.0,620,0
FL3085,AirNova,Clear,Weekend,8,31.0,12.0,1748,0
FL3086,BlueWing,Fog,Weekday,7,35.0,2.0,2635,0
FL3087,SkyJet,Clear,Weekday,22,41.0,15.0,2223,1
FL3088,FlyHigh,Fog,Weekend,20,28.0,1.0,2090,1
FL3089,SkyJet,Clear,Weekday,22,33.0,18.0,501,0
FL3090,BlueWing,Clear,Weekday,14,25.0,14.0,1546,0
FL3091,SkyJet,Clear,Weekday,23,27.0,13.0,775,0
FL3092,SkyJet,Fog,Weekend,14,23.0,6.0,2089,1
FL3093,FlyHigh,Rain,Weekday,22,39.0,4.0,1574,1
FL3094,BlueWing,Clear,Weekend,19,49.0,17.0,952,1
FL3095,SkyJet,Clear,Weekday,23,25.0,20.0,1282,1
FL3096,SkyJet,Rain,Weekday,7,18.0,7.0,1150,0
FL3097,SkyJet,Clear,Weekday,11,33.0,7.0,1882,0
FL3098,FlyHigh,Fog,Weekday,17,40.0,5.0,2759,1
FL3099,FlyHigh,Clear,Weekday,6,38.0,17.0,1444,0
FL3100,BlueWing,Storm,Weekday,13,22.0,13.0,1372,1
FL3101,BlueWing,Rain,Weekday,10,35.0,17.0,1816,0
FL3102,BlueWing,Rain,Weekday,20,26.0,16.0,1540,1
FL3103,SkyJet,Clear,Weekday,6,30.0,11.0,1388,0
FL3104,SkyJet,Rain,Weekday,7,34.0,13.0,2414,0
FL3105,AirNova,Clear,Weekend,22,30.0,8.0,1808,0
FL3106,BlueWing,Clear,Weekday,18,40.0,8.0,886,0
FL3107,FlyHigh,Rain,Weekday,9,29.0,1.0,949,0
FL3108,AirNova,Clear,Weekend,16,52.0,3.0,882,0
FL3109,SkyJet,Clear,Weekday,10,36.0,,1899,0
FL3110,BlueWing,Fog,Weekday,20,23.0,1.0,759,1
FL3111,FlyHigh,Clear,Weekday,17,46.0,2.0,1196,1
FL3112,AirNova,Clear,Weekday,18,44.0,20.0,2115,0
FL3113,BlueWing,Clear,Weekend,11,38.0,11.0,1882,0
FL3114,SkyJet,Fog,Weekday,13,35.0,16.0,1073,1
FL3115,BlueWing,Clear,Weekend,14,,7.0,1055,0
FL3116,SkyJet,Clear,Weekday,9,44.0,8.0,1508,0
FL3117,BlueWing,Rain,Weekend,8,34.0,11.0,2053,0
FL3118,SkyJet,Clear,Weekend,7,44.0,10.0,1107,0
FL3119,BlueWing,Clear,Weekday,5,,1.0,558,0
FL3120,AirNova,Fog,Weekday,21,40.0,11.0,2648,1
FL3121,FlyHigh,Clear,Weekend,8,24.0,4.0,1134,0
FL3122,BlueWing,Clear,Weekend,8,39.0,7.0,2715,0
FL3123,FlyHigh,Clear,Weekend,9,41.0,14.0,475,1
FL3124,AirNova,Rain,Weekday,18,29.0,14.0,546,1
FL3125,SkyJet,Clear,Weekday,15,39.0,15.0,990,0
FL3126,FlyHigh,Clear,Weekday,10,15.0,2.0,1176,0
FL3127,BlueWing,Rain,Weekday,23,34.0,8.0,265,1
FL3128,FlyHigh,Rain,Weekday,20,32.0,17.0,296,1
FL3129,FlyHigh,Rain,Weekend,18,42.0,8.0,580,1
FL3130,SkyJet,Clear,Weekend,12,35.0,14.0,623,0
FL3131,FlyHigh,Clear,Weekend,9,46.0,11.0,1845,0
FL3132,SkyJet,Fog,Weekday,16,56.0,12.0,310,1
FL3133,AirNova,Fog,Weekend,6,36.0,14.0,1202,0
FL3134,SkyJet,Clear,Weekend,16,45.0,13.0,2076,1
FL3135,AirNova,Clear,Weekday,14,53.0,20.0,1673,1
FL3136,SkyJet,Rain,Weekday,7,46.0,9.0,2742,0
FL3137,SkyJet,Clear,Weekend,14,47.0,2.0,2523,0
FL3138,BlueWing,Clear,Weekday,17,33.0,15.0,2655,1
FL3139,SkyJet,Clear,Weekday,8,40.0,,1343,0
FL3140,AirNova,Clear,Weekday,6,24.0,12.0,2660,0
FL3141,BlueWing,Clear,Weekday,7,45.0,6.0,2596,1
FL3142,SkyJet,Clear,Weekday,18,40.0,15.0,1442,1
FL3143,FlyHigh,Fog,Weekend,10,40.0,4.0,1501,1
FL3144,BlueWing,Clear,Weekday,6,,3.0,1167,0
FL3145,BlueWing,Rain,Weekday,11,47.0,6.0,2625,1
FL3146,BlueWing,Clear,Weekend,7,52.0,17.0,630,0
FL3147,FlyHigh,Rain,Weekday,13,51.0,20.0,380,1
FL3148,SkyJet,Fog,Weekday,12,41.0,17.0,2567,1
FL3149,SkyJet,Clear,Weekday,13,50.0,15.0,1413,1
FL3150,BlueWing,Fog,Weekday,21,,9.0,2378,1
FL3151,SkyJet,Rain,Weekday,16,29.0,2.0,632,0
FL3152,BlueWing,Rain,Weekday,12,35.0,18.0,1631,0
FL3153,BlueWing,Clear,Weekday,22,28.0,6.0,441,0
FL3154,FlyHigh,Clear,Weekday,15,55.0,3.0,2106,0
FL3155,SkyJet,Fog,Weekend,6,10.0,11.0,716,0
FL3156,AirNova,Fog,Weekday,20,39.0,9.0,2478,1
FL3157,BlueWing,Clear,Weekday,9,27.0,15.0,2408,0
FL3158,AirNova,Clear,Weekday,10,30.0,19.0,2505,0
FL3159,SkyJet,Clear,Weekend,21,43.0,10.0,1380,1
FL3160,SkyJet,Fog,Weekday,17,35.0,15.0,2731,1
FL3161,SkyJet,Clear,Weekend,20,48.0,,332,1
FL3162,AirNova,Clear,Weekday,20,34.0,10.0,2218,0
FL3163,SkyJet,Rain,Weekend,6,34.0,4.0,2537,0
FL3164,AirNova,Clear,Weekday,15,37.0,7.0,2575,0
FL3165,BlueWing,Clear,Weekday,10,49.0,7.0,2447,1
FL3166,AirNova,Clear,Weekday,6,28.0,18.0,688,0
FL3167,BlueWing,Clear,Weekday,8,32.0,1.0,1617,0
FL3168,FlyHigh,Clear,Weekend,18,30.0,6.0,810,0
FL3169,SkyJet,Fog,Weekend,16,30.0,12.0,1891,1
FL3170,BlueWing,Clear,Weekday,22,22.0,,657,0
FL3171,BlueWing,Clear,Weekend,5,32.0,14.0,2535,0
FL3172,AirNova,Rain,Weekend,13,,13.0,2420,1
FL3173,AirNova,Clear,Weekday,18,50.0,20.0,265,1
FL3174,SkyJet,Rain,Weekday,13,40.0,2.0,1365,1
FL3175,AirNova,Rain,Weekend,18,29.0,2.0,2673,1
FL3176,BlueWing,Rain,Weekday,20,51.0,5.0,2092,1
FL3177,FlyHigh,Clear,Weekday,16,17.0,8.0,1859,0
FL3178,SkyJet,Storm,Weekday,20,40.0,14.0,988,1
FL3179,FlyHigh,Storm,Weekday,13,22.0,10.0,1089,0
FL3180,BlueWing,Clear,Weekend,9,34.0,5.0,1496,0
FL3181,AirNova,Clear,Weekday,15,21.0,20.0,2447,0
FL3182,BlueWing,Rain,Weekend,19,19.0,20.0,395,1
FL3183,SkyJet,Clear,Weekday,10,29.0,11.0,1765,0
FL3184,FlyHigh,Clear,Weekday,8,54.0,18.0,2236,1
FL3185,AirNova,Clear,Weekday,8,39.0,9.0,860,0
FL3186,SkyJet,Clear,Weekday,17,45.0,20.0,1891,1
FL3187,BlueWing,Fog,Weekday,7,32.0,7.0,1747,1
FL3188,FlyHigh,Clear,Weekend,22,35.0,3.0,1751,1
FL3189,BlueWing,Clear,Weekday,10,27.0,1.0,2198,0
FL3190,FlyHigh,Fog,Weekday,16,29.0,14.0,1629,1
FL3191,SkyJet,Rain,Weekday,22,32.0,9.0,1787,1
FL3192,BlueWing,Fog,Weekday,12,45.0,4.0,2417,1
FL3193,AirNova,Clear,Weekday,22,39.0,10.0,2666,0
FL3194,BlueWing,Clear,Weekday,21,27.0,12.0,2720,1
FL3195,SkyJet,Clear,Weekday,22,33.0,2.0,746,1
FL3196,BlueWing,Rain,Weekday,21,26.0,9.0,693,1
FL3197,AirNova,Clear,Weekend,8,41.0,8.0,2160,0
FL3198,AirNova,Clear,Weekend,23,38.0,2.0,1189,0
FL3199,BlueWing,Storm,Weekday,19,38.0,20.0,840,1
FL3200,SkyJet,Clear,Weekday,9,43.0,19.0,2158,0
FL3201,AirNova,Fog,Weekday,5,41.0,17.0,2533,1
FL3202,FlyHigh,Rain,Weekday,10,51.0,10.0,372,1
FL3203,AirNova,Storm,Weekday,14,27.0,4.0,2785,1
FL3204,AirNova,Rain,Weekday,5,43.0,9.0,2692,0
FL3205,FlyHigh,Clear,Weekday,15,34.0,19.0,353,1
FL3206,FlyHigh,Rain,Weekday,22,45.0,2.0,2265,1
FL3207,FlyHigh,Rain,Weekday,8,30.0,19.0,2116,1
FL3208,SkyJet,Fog,Weekend,15,18.0,6.0,1362,1
FL3209,FlyHigh,Clear,Weekend,5,31.0,16.0,1804,0
FL3210,SkyJet,Clear,Weekday,17,29.0,6.0,1436,0
FL3211,BlueWing,Storm,Weekday,6,24.0,13.0,1207,0
FL3212,FlyHigh,Clear,Weekend,22,32.0,7.0,1508,1
FL3213,BlueWing,Clear,Weekday,17,48.0,20.0,2750,1
FL3214,SkyJet,Clear,Weekend,8,32.0,14.0,1669,0
FL3215,BlueWing,Clear,Weekday,8,43.0,6.0,2724,0
FL3216,SkyJet,Clear,Weekday,6,50.0,5.0,2308,0
FL3217,FlyHigh,Clear,Weekend,22,47.0,2.0,2187,0
FL3218,SkyJet,Clear,Weekday,12,41.0,17.0,1962,1
FL3219,SkyJet,Fog,Weekend,5,45.0,4.0,1892,1
FL3220,AirNova,Fog,Weekday,5,31.0,13.0,472,0
FL3221,BlueWing,Clear,Weekend,23,22.0,9.0,2651,0
FL3222,FlyHigh,Clear,Weekend,7,19.0,2.0,1195,0
FL3223,SkyJet,Clear,Weekday,20,45.0,4.0,1516,1
FL3224,FlyHigh,Rain,Weekday,8,50.0,16.0,2469,1
FL3225,AirNova,Fog,Weekday,12,32.0,4.0,886,1
FL3226,FlyHigh,Clear,Weekday,5,36.0,11.0,2737,0
FL3227,BlueWing,Fog,Weekend,8,11.0,7.0,2173,0
FL3228,SkyJet,Clear,Weekday,11,43.0,14.0,1549,1
FL3229,AirNova,Rain,Weekend,20,34.0,12.0,939,1
FL3230,BlueWing,Clear,Weekday,21,16.0,6.0,880,0
FL3231,FlyHigh,Clear,Weekday,9,41.0,18.0,842,0
FL3232,AirNova,Clear,Weekday,19,42.0,13.0,1373,1
FL3233,AirNova,Clear,Weekend,10,44.0,,1304,0
FL3234,BlueWing,Clear,Weekday,12,34.0,19.0,331,0
FL3235,SkyJet,Clear,Weekday,14,38.0,11.0,1188,0
FL3236,BlueWing,Clear,Weekday,16,26.0,16.0,2545,0
FL3237,AirNova,Clear,Weekend,14,51.0,14.0,2428,1
FL3238,BlueWing,Clear,Weekday,18,32.0,20.0,308,1
FL3239,SkyJet,Clear,Weekday,13,49.0,4.0,2400,1
FL3240,SkyJet,Rain,Weekday,6,41.0,18.0,406,1
FL3241,SkyJet,Clear,Weekday,20,33.0,19.0,1711,0
FL3242,AirNova,Clear,Weekday,17,50.0,13.0,272,1
FL3243,FlyHigh,Rain,Weekday,19,29.0,17.0,1842,0
FL3244,FlyHigh,Rain,Weekday,16,40.0,18.0,2238,1
FL3245,SkyJet,Clear,Weekday,16,37.0,19.0,886,0
FL3246,BlueWing,Fog,Weekday,21,34.0,18.0,454,1
FL3247,FlyHigh,Rain,Weekday,5,38.0,5.0,1410,0
FL3248,FlyHigh,Rain,Weekday,19,43.0,3.0,2311,1
FL3249,SkyJet,Clear,Weekend,14,32.0,20.0,1999,1
FL3250,BlueWing,Clear,Weekday,19,31.0,13.0,2543,1
FL3251,BlueWing,Clear,Weekday,16,34.0,7.0,2474,1
FL3252,FlyHigh,Rain,Weekday,16,30.0,12.0,2022,1
FL3253,BlueWing,Fog,Weekend,12,25.0,16.0,2601,1
FL3254,AirNova,Clear,Weekday,9,39.0,3.0,370,0
FL3255,SkyJet,Clear,Weekday,10,17.0,18.0,2355,0
FL3256,BlueWing,Clear,Weekday,20,35.0,3.0,2164,0
FL3257,SkyJet,Rain,Weekday,13,30.0,13.0,475,0
FL3258,SkyJet,Fog,Weekday,17,37.0,4.0,1038,1
FL3259,AirNova,Clear,Weekend,17,40.0,12.0,739,0
FL3260,SkyJet,Fog,Weekend,20,38.0,10.0,667,1
FL3261,AirNova,Storm,Weekday,9,35.0,11.0,627,1
FL3262,SkyJet,Storm,Weekday,12,49.0,4.0,1854,1
FL3263,AirNova,Clear,Weekday,5,30.0,11.0,1840,1
FL3264,SkyJet,Rain,Weekday,22,22.0,1.0,1317,1
FL3265,BlueWing,Clear,Weekday,17,33.0,4.0,1426,0
FL3266,FlyHigh,Rain,Weekday,21,43.0,13.0,1306,1
FL3267,BlueWing,Clear,Weekend,23,54.0,17.0,1794,1
FL3268,FlyHigh,Rain,Weekday,19,58.0,13.0,472,1
FL3269,FlyHigh,Clear,Weekday,15,39.0,16.0,1791,0
FL3270,BlueWing,Clear,Weekday,10,48.0,1.0,783,0
FL3271,BlueWing,Clear,Weekday,21,53.0,19.0,2307,1
FL3272,SkyJet,Clear,Weekday,8,30.0,12.0,1679,0
FL3273,BlueWing,Clear,Weekday,14,52.0,6.0,2465,1
FL3274,FlyHigh,Clear,Weekday,17,40.0,4.0,1462,0
FL3275,BlueWing,Fog,Weekday,17,34.0,14.0,291,1
FL3276,FlyHigh,Clear,Weekday,12,42.0,17.0,2595,0
FL3277,AirNova,Rain,Weekday,13,43.0,1.0,493,1
FL3278,SkyJet,Clear,Weekend,16,14.0,2.0,2106,0
FL3279,SkyJet,Clear,Weekday,22,37.0,2.0,2467,1
FL3280,SkyJet,Rain,Weekday,12,38.0,17.0,1521,1
FL3281,BlueWing,Clear,Weekend,13,28.0,10.0,715,0
FL3282,BlueWing,Storm,Weekend,23,37.0,10.0,2212,1
FL3283,SkyJet,Clear,Weekend,16,,7.0,1430,1
FL3284,FlyHigh,Rain,Weekday,13,27.0,2.0,2606,0
FL3285,SkyJet,Storm,Weekday,18,34.0,7.0,375,1
FL3286,SkyJet,Clear,Weekday,17,14.0,6.0,1060,0
FL3287,BlueWing,Clear,Weekday,15,40.0,14.0,2719,0
FL3288,SkyJet,Clear,Weekday,9,41.0,17.0,1263,0
FL3289,AirNova,Rain,Weekday,13,39.0,19.0,1972,1
FL3290,BlueWing,Storm,Weekday,16,41.0,15.0,1173,1
FL3291,BlueWing,Clear,Weekend,16,31.0,20.0,1253,1
FL3292,SkyJet,Rain,Weekday,5,29.0,16.0,2543,1
FL3293,FlyHigh,Storm,Weekday,7,16.0,4.0,621,0
FL3294,BlueWing,Clear,Weekday,21,17.0,18.0,1528,0
FL3295,BlueWing,Clear,Weekday,7,27.0,5.0,1238,0
FL3296,AirNova,Clear,Weekday,10,45.0,4.0,1007,1
FL3297,FlyHigh,Storm,Weekday,6,35.0,10.0,2617,1
FL3298,SkyJet,Clear,Weekday,8,49.0,17.0,967,0
FL3299,SkyJet,Clear,Weekend,15,43.0,12.0,1512,0
FL3300,BlueWing,Rain,Weekday,20,24.0,,2029,1
FL3301,AirNova,Rain,Weekend,17,29.0,8.0,759,0
FL3302,BlueWing,Rain,Weekend,13,23.0,6.0,2367,0
FL3303,BlueWing,Storm,Weekday,16,20.0,11.0,289,1
FL3304,AirNova,Clear,Weekday,19,38.0,1.0,548,0
FL3305,FlyHigh,Clear,Weekend,13,42.0,18.0,2244,1
FL3306,BlueWing,Clear,Weekday,15,25.0,18.0,407,0
FL3307,BlueWing,Clear,Weekend,8,46.0,9.0,1492,0
FL3308,AirNova,Clear,Weekday,9,45.0,4.0,2404,0
FL3309,BlueWing,Clear,Weekday,14,,4.0,537,0
FL3310,FlyHigh,Rain,Weekend,8,39.0,3.0,2252,0
FL3311,FlyHigh,Clear,Weekday,15,25.0,16.0,1131,0
FL3312,SkyJet,Rain,Weekday,10,35.0,17.0,2359,0
FL3313,FlyHigh,Rain,Weekday,14,41.0,3.0,531,1
FL3314,BlueWing,Clear,Weekend,19,15.0,5.0,2446,0
FL3315,AirNova,Fog,Weekend,17,51.0,,2345,1
FL3316,AirNova,Rain,Weekday,20,17.0,2.0,1087,1
FL3317,AirNova,Clear,Weekday,11,36.0,7.0,1646,0
FL3318,AirNova,Fog,Weekend,8,30.0,18.0,2022,1
FL3319,FlyHigh,Rain,Weekend,18,45.0,6.0,1439,1
FL3320,BlueWing,Clear,Weekend,5,26.0,14.0,2126,0
FL3321,SkyJet,Clear,Weekday,19,30.0,18.0,1901,1
FL3322,SkyJet,Clear,Weekday,19,60.0,11.0,1468,1
FL3323,AirNova,Rain,Weekday,8,54.0,16.0,2108,1
FL3324,FlyHigh,Storm,Weekend,10,45.0,2.0,1925,1
FL3325,BlueWing,Rain,Weekday,18,28.0,15.0,1582,0
FL3326,BlueWing,Clear,Weekday,13,39.0,10.0,816,0
FL3327,FlyHigh,Clear,Weekday,18,18.0,17.0,1725,0
FL3328,FlyHigh,Storm,Weekday,18,27.0,19.0,1751,1
FL3329,SkyJet,Storm,Weekend,9,40.0,6.0,2331,1
FL3330,SkyJet,Clear,Weekday,15,44.0,4.0,266,0
FL3331,BlueWing,Storm,Weekday,21,32.0,20.0,620,1
FL3332,AirNova,Clear,Weekday,10,43.0,2.0,588,0
FL3333,SkyJet,Fog,Weekend,21,44.0,1.0,1550,1
FL3334,AirNova,Storm,Weekday,6,25.0,,1672,0
FL3335,FlyHigh,Fog,Weekday,11,38.0,15.0,803,0
FL3336,BlueWing,Clear,Weekday,12,35.0,6.0,2397,0
FL3337,SkyJet,Rain,Weekday,19,51.0,17.0,986,1
FL3338,BlueWing,Rain,Weekday,20,22.0,10.0,2411,1
FL3339,SkyJet,Clear,Weekday,6,40.0,2.0,666,0
FL3340,FlyHigh,Clear,Weekday,16,34.0,15.0,798,0
FL3341,AirNova,Storm,Weekday,19,57.0,4.0,1763,1
FL3342,FlyHigh,Rain,Weekday,20,11.0,14.0,2363,1
FL3343,BlueWing,Clear,Weekend,18,54.0,19.0,1322,1
FL3344,FlyHigh,Rain,Weekend,20,33.0,16.0,1813,1
FL3345,AirNova,Rain,Weekday,19,41.0,12.0,1163,1
FL3346,AirNova,Clear,Weekday,12,19.0,8.0,2455,0
FL3347,SkyJet,Clear,Weekend,7,21.0,10.0,2717,0
FL3348,BlueWing,Clear,Weekday,19,32.0,9.0,333,0
FL3349,SkyJet,Clear,Weekday,11,36.0,11.0,2286,0
FL3350,SkyJet,Clear,Weekend,20,10.0,,999,0
FL3351,BlueWing,Clear,Weekday,11,28.0,6.0,1270,1
FL3352,BlueWing,Clear,Weekday,17,30.0,17.0,990,1
FL3353,SkyJet,Clear,Weekday,8,33.0,13.0,2514,0
FL3354,AirNova,Rain,Weekday,9,42.0,10.0,2652,1
FL3355,SkyJet,Clear,Weekday,10,38.0,10.0,1202,0
FL3356,SkyJet,Clear,Weekday,20,32.0,13.0,888,1
FL3357,BlueWing,Clear,Weekday,9,22.0,8.0,1475,0
FL3358,BlueWing,Fog,Weekend,18,17.0,13.0,2555,1
FL3359,AirNova,Clear,Weekday,12,36.0,2.0,1629,0
FL3360,BlueWing,Clear,Weekday,19,51.0,5.0,277,1
FL3361,FlyHigh,Rain,Weekend,7,35.0,14.0,673,1
FL3362,AirNova,Rain,Weekday,8,45.0,6.0,257,1
FL3363,FlyHigh,Rain,Weekday,5,23.0,1.0,2556,0
FL3364,AirNova,Clear,Weekday,12,45.0,19.0,1158,1
FL3365,FlyHigh,Clear,Weekend,13,33.0,6.0,427,1
FL3366,BlueWing,Clear,Weekday,22,36.0,14.0,269,1
FL3367,BlueWing,Clear,Weekday,11,42.0,19.0,2416,0
FL3368,AirNova,Rain,Weekday,23,43.0,15.0,2267,1
FL3369,BlueWing,Rain,Weekend,6,38.0,9.0,300,1
FL3370,BlueWing,Clear,Weekday,20,39.0,6.0,2491,1
FL3371,FlyHigh,Clear,Weekday,17,39.0,18.0,2217,1
FL3372,FlyHigh,Storm,Weekday,9,27.0,9.0,821,1
FL3373,BlueWing,Rain,Weekend,16,32.0,3.0,1141,1
FL3374,AirNova,Fog,Weekday,17,35.0,5.0,1524,1
FL3375,FlyHigh,Rain,Weekday,7,53.0,9.0,2155,1
FL3376,BlueWing,Clear,Weekday,21,22.0,10.0,714,0
FL3377,SkyJet,Clear,Weekday,7,36.0,10.0,2229,0
FL3378,FlyHigh,Storm,Weekend,19,46.0,1.0,825,1
FL3379,SkyJet,Clear,Weekday,5,43.0,4.0,959,0
FL3380,SkyJet,Clear,Weekday,10,25.0,18.0,2616,0
FL3381,FlyHigh,Clear,Weekday,10,22.0,17.0,1947,0
FL3382,SkyJet,Clear,Weekend,8,29.0,7.0,1017,0
FL3383,AirNova,Clear,Weekend,19,38.0,19.0,1790,1
FL3384,AirNova,Clear,Weekday,19,44.0,6.0,1021,1
FL3385,SkyJet,Clear,Weekday,20,33.0,15.0,2399,0
FL3386,AirNova,Clear,Weekday,9,36.0,4.0,2723,0
FL3387,AirNova,Rain,Weekday,13,31.0,18.0,1583,1
FL3388,SkyJet,Clear,Weekend,13,26.0,13.0,1481,0
FL3389,AirNova,Clear,Weekday,7,48.0,14.0,502,0
FL3390,BlueWing,Clear,Weekday,5,,13.0,993,1
FL3391,FlyHigh,Clear,Weekday,7,34.0,13.0,1411,0
FL3392,BlueWing,Clear,Weekday,11,26.0,10.0,1636,0
FL3393,FlyHigh,Fog,Weekday,12,42.0,9.0,791,1
FL3394,BlueWing,Clear,Weekday,23,19.0,14.0,2447,0
FL3395,AirNova,Storm,Weekend,14,21.0,10.0,2246,1
FL3396,BlueWing,Rain,Weekday,6,37.0,4.0,557,0
FL3397,BlueWing,Clear,Weekday,11,55.0,,1376,0
FL3398,FlyHigh,Clear,Weekend,18,,6.0,1119,0
FL3399,AirNova,Rain,Weekday,8,36.0,7.0,1594,0
FL3400,FlyHigh,Clear,Weekday,6,,,1464,0
