applicant_id,age,employment_type,city_tier,annual_income,loan_amount_lakh,credit_score,existing_loans,years_at_job,approved
APP1001,58,Salaried,Tier-2,736000,24.2,718.0,0,25.0,1
APP1002,46,Salaried,Tier-2,282000,5.6,712.0,4,6.0,0
APP1003,48,Salaried,Tier-2,931000,15.5,513.0,2,,0
APP1004,56,Salaried,Tier-1,1300000,34.1,682.0,1,16.0,1
APP1005,44,Salaried,Tier-1,533000,7.5,742.0,0,12.0,1
APP1006,52,Salaried,Tier-1,448000,11.9,,2,,0
APP1007,54,Salaried,Tier-1,540000,9.8,697.0,0,11.0,1
APP1008,30,Self-employed,Tier-1,760000,15.1,500.0,1,6.0,0
APP1009,23,Self-employed,Tier-1,924000,10.6,744.0,1,1.0,1
APP1010,33,Salaried,Tier-2,1245000,14.8,637.0,1,8.0,1
APP1011,32,Salaried,Tier-2,1266000,39.2,760.0,1,5.0,0
APP1012,55,Self-employed,Tier-2,1248000,28.3,543.0,2,7.0,0
APP1013,57,Salaried,Tier-1,1375000,25.1,745.0,2,6.0,1
APP1014,21,Salaried,Tier-1,935000,26.6,671.0,1,0.0,0
APP1015,40,Salaried,Tier-1,280000,9.1,755.0,1,8.0,0
APP1016,53,Salaried,Tier-3,605000,6.4,616.0,1,13.0,1
APP1017,26,Business,Tier-1,772000,27.0,641.0,1,2.0,0
APP1018,52,Salaried,Tier-2,527000,3.4,869.0,1,8.0,1
APP1019,25,Salaried,Tier-3,1073000,25.5,624.0,0,2.0,1
APP1020,39,Business,Tier-2,533000,7.3,634.0,0,5.0,0
APP1021,53,Self-employed,Tier-3,391000,5.2,668.0,0,22.0,1
APP1022,33,Salaried,Tier-3,1438000,29.3,608.0,1,3.0,0
APP1023,34,Salaried,Tier-1,938000,22.1,785.0,1,9.0,1
APP1024,32,Business,Tier-2,733000,13.7,828.0,0,7.0,1
APP1025,49,Salaried,Tier-1,1082000,28.9,634.0,2,11.0,0
APP1026,31,Self-employed,Tier-1,1166000,39.1,552.0,2,6.0,0
APP1027,60,Salaried,Tier-2,784000,8.5,784.0,0,19.0,1
APP1028,38,Self-employed,Tier-2,180000,2.3,779.0,1,7.0,1
APP1029,40,Self-employed,Tier-3,448000,10.6,756.0,0,12.0,1
APP1030,41,Business,Tier-1,506000,9.1,783.0,2,13.0,1
APP1031,44,Self-employed,Tier-2,378000,5.7,621.0,0,6.0,0
APP1032,43,Salaried,Tier-2,725000,15.0,677.0,1,15.0,1
APP1033,41,Salaried,Tier-1,1252000,32.8,579.0,0,3.0,0
APP1034,60,Salaried,Tier-3,498000,16.1,577.0,4,6.0,0
APP1035,53,Self-employed,Tier-2,348000,11.6,768.0,0,14.0,1
APP1036,52,Salaried,Tier-1,1983000,59.0,636.0,1,10.0,1
APP1037,49,Salaried,Tier-3,507000,8.1,872.0,1,11.0,1
APP1038,45,Salaried,Tier-1,330000,10.4,696.0,0,10.0,1
APP1039,34,Self-employed,Tier-1,741000,19.7,639.0,1,6.0,0
APP1040,60,Business,Tier-1,821000,9.1,754.0,3,27.0,1
APP1041,39,Salaried,Tier-3,441000,14.8,834.0,4,13.0,1
APP1042,29,Salaried,Tier-1,1004000,13.2,729.0,0,3.0,1
APP1043,54,Self-employed,Tier-3,497000,12.8,593.0,0,11.0,0
APP1044,27,Self-employed,Tier-2,391000,10.2,720.0,0,3.0,1
APP1045,55,Self-employed,Tier-1,717000,23.2,800.0,0,9.0,1
APP1046,45,Business,Tier-2,993000,25.2,651.0,1,9.0,0
APP1047,25,Business,Tier-2,459000,15.8,628.0,0,2.0,0
APP1048,22,Business,Tier-2,780000,6.0,771.0,1,0.0,1
APP1049,38,Self-employed,Tier-2,617000,4.4,701.0,0,10.0,1
APP1050,22,Salaried,Tier-2,3000000,35.0,602.0,2,1.0,0
APP1051,26,Self-employed,Tier-3,440000,10.0,660.0,0,2.0,1
APP1052,41,Salaried,Tier-1,1392000,25.5,630.0,0,6.0,0
APP1053,59,Self-employed,Tier-3,632000,5.3,714.0,2,18.0,1
APP1054,39,Self-employed,Tier-2,606000,7.2,699.0,1,6.0,1
APP1055,53,Self-employed,Tier-3,967000,22.0,782.0,1,21.0,1
APP1056,57,Salaried,Tier-3,1063000,18.8,747.0,0,18.0,1
APP1057,53,Salaried,Tier-3,1305000,36.7,565.0,0,11.0,0
APP1058,46,Salaried,Tier-1,779000,15.2,723.0,0,16.0,1
APP1059,38,Salaried,Tier-2,467000,14.7,762.0,3,9.0,1
APP1060,41,Business,Tier-3,484000,13.6,726.0,0,5.0,1
APP1061,31,Salaried,Tier-3,860000,17.5,772.0,0,4.0,1
APP1062,40,Salaried,Tier-2,895000,14.7,646.0,2,,0
APP1063,36,Salaried,Tier-3,1402000,17.1,614.0,3,11.0,0
APP1064,30,Self-employed,Tier-2,818000,11.8,764.0,1,3.0,1
APP1065,60,Salaried,Tier-2,1165000,19.0,605.0,1,16.0,0
APP1066,21,Business,Tier-3,1497000,24.7,517.0,0,0.0,0
APP1067,24,Business,Tier-2,712000,8.0,772.0,0,1.0,1
APP1068,28,Salaried,Tier-2,287000,5.7,632.0,3,5.0,0
APP1069,59,Salaried,Tier-2,340000,3.1,666.0,0,8.0,1
APP1070,48,Self-employed,Tier-2,295000,9.2,578.0,2,10.0,0
APP1071,56,Business,Tier-1,1560000,34.3,584.0,0,9.0,0
APP1072,29,Salaried,Tier-1,408000,3.6,597.0,4,5.0,0
APP1073,49,Self-employed,Tier-3,1280000,19.8,661.0,0,13.0,0
APP1074,35,Business,Tier-2,897000,12.0,720.0,3,4.0,1
APP1075,40,Business,Tier-2,1670000,17.6,506.0,0,4.0,0
APP1076,21,Salaried,Tier-3,1129000,22.5,750.0,0,0.0,1
APP1077,45,Salaried,Tier-1,614000,6.9,595.0,2,5.0,0
APP1078,54,Business,Tier-1,582000,6.1,605.0,1,15.0,0
APP1079,47,Salaried,Tier-1,681000,18.0,744.0,1,15.0,1
APP1080,27,Salaried,Tier-1,716000,13.2,684.0,0,2.0,1
APP1081,42,Self-employed,Tier-3,485000,12.4,567.0,0,5.0,0
APP1082,31,Salaried,Tier-2,638000,12.5,838.0,0,4.0,1
APP1083,59,Self-employed,Tier-1,1575000,32.5,621.0,0,9.0,0
APP1084,56,Salaried,Tier-2,255000,3.8,710.0,1,23.0,1
APP1085,28,Business,Tier-1,749000,13.8,706.0,1,1.0,1
APP1086,41,Salaried,Tier-1,395000,7.9,803.0,1,12.0,1
APP1087,58,Self-employed,Tier-2,720000,11.5,654.0,0,,1
APP1088,54,Salaried,Tier-3,1032000,30.9,771.0,1,19.0,1
APP1089,49,Salaried,Tier-1,630000,8.3,631.0,2,17.0,1
APP1090,46,Salaried,Tier-2,994000,12.3,780.0,0,6.0,1
APP1091,22,Salaried,Tier-1,271000,4.3,629.0,2,1.0,0
APP1092,50,Salaried,Tier-2,1195000,34.4,661.0,0,21.0,1
APP1093,39,Self-employed,Tier-2,466000,14.3,842.0,1,9.0,1
APP1094,24,Salaried,Tier-1,915000,20.5,715.0,2,2.0,0
APP1095,30,Salaried,Tier-1,719000,11.8,,2,3.0,0
APP1096,42,Business,Tier-2,180000,4.5,,1,5.0,1
APP1097,50,Business,Tier-2,429000,12.9,719.0,3,17.0,1
APP1098,41,Business,Tier-1,734000,9.6,625.0,1,13.0,0
APP1099,45,Salaried,Tier-2,1528000,38.7,749.0,2,7.0,0
APP1100,55,Salaried,Tier-1,761000,20.2,595.0,2,7.0,0
APP1101,48,Salaried,Tier-3,749000,13.0,780.0,2,10.0,1
APP1102,35,Salaried,Tier-1,299000,3.0,786.0,0,7.0,1
APP1103,46,Salaried,Tier-1,1428000,33.7,644.0,1,9.0,1
APP1104,44,Salaried,Tier-1,1756000,21.2,640.0,1,17.0,1
APP1105,25,Salaried,Tier-3,660000,11.0,704.0,1,2.0,1
APP1106,23,Salaried,Tier-1,576000,12.6,691.0,2,1.0,1
APP1107,47,Business,Tier-2,267000,9.1,612.0,0,13.0,0
APP1108,36,Salaried,Tier-3,1057000,10.8,735.0,0,9.0,1
APP1109,44,Salaried,Tier-3,2873000,23.4,527.0,4,17.0,0
APP1110,33,Self-employed,Tier-1,964000,20.8,655.0,1,2.0,1
APP1111,30,Salaried,Tier-2,1302000,43.4,658.0,0,4.0,0
APP1112,27,Salaried,Tier-2,876000,6.4,668.0,1,2.0,1
APP1113,36,Salaried,Tier-2,378000,9.3,715.0,1,9.0,0
APP1114,53,Salaried,Tier-1,1356000,9.2,592.0,0,9.0,0
APP1115,37,Self-employed,Tier-1,330000,7.3,737.0,0,10.0,0
APP1116,36,Salaried,Tier-1,579000,5.5,676.0,0,5.0,1
APP1117,44,Salaried,Tier-1,758000,19.0,638.0,2,12.0,1
APP1118,60,Self-employed,Tier-2,1056000,17.4,581.0,2,22.0,0
APP1119,36,Business,Tier-1,817000,20.4,595.0,0,10.0,0
APP1120,44,Salaried,Tier-1,804000,10.8,719.0,2,15.0,1
APP1121,38,Salaried,Tier-1,428000,3.5,613.0,0,7.0,1
APP1122,45,Salaried,Tier-1,320000,3.6,695.0,4,14.0,0
APP1123,38,Business,Tier-1,672000,9.4,775.0,1,4.0,1
APP1124,46,Business,Tier-3,440000,4.7,773.0,1,5.0,1
APP1125,42,Salaried,Tier-2,317000,3.7,815.0,0,12.0,1
APP1126,48,Business,Tier-1,324000,7.1,666.0,1,19.0,0
APP1127,59,Salaried,Tier-2,496000,9.3,603.0,2,23.0,0
APP1128,27,Salaried,Tier-1,235000,7.0,772.0,3,3.0,1
APP1129,43,Salaried,Tier-1,310000,6.3,715.0,0,12.0,1
APP1130,38,Business,Tier-3,264000,5.7,780.0,3,10.0,1
APP1131,35,Salaried,Tier-3,719000,19.1,691.0,0,7.0,1
APP1132,30,Salaried,Tier-2,814000,25.0,786.0,3,3.0,0
APP1133,23,Self-employed,Tier-1,1960000,45.0,758.0,1,1.0,1
APP1134,37,Salaried,Tier-1,285000,2.0,747.0,2,6.0,1
APP1135,54,Salaried,Tier-1,447000,8.6,730.0,0,23.0,1
APP1136,24,Salaried,Tier-1,1074000,7.4,722.0,0,2.0,1
APP1137,37,Business,Tier-1,577000,13.6,709.0,0,10.0,1
APP1138,59,Self-employed,Tier-1,543000,4.3,708.0,1,25.0,1
APP1139,59,Business,Tier-2,1664000,36.0,769.0,0,28.0,1
APP1140,29,Self-employed,Tier-1,540000,5.6,649.0,0,6.0,0
APP1141,21,Self-employed,Tier-1,344000,10.6,829.0,1,0.0,1
APP1142,47,Business,Tier-3,315000,2.8,682.0,4,10.0,0
APP1143,21,Self-employed,Tier-1,782000,19.6,769.0,0,0.0,1
APP1144,33,Self-employed,Tier-1,769000,20.3,683.0,1,9.0,1
APP1145,40,Salaried,Tier-1,306000,4.3,670.0,1,10.0,1
APP1146,55,Salaried,Tier-3,378000,8.8,853.0,1,6.0,1
APP1147,24,Self-employed,Tier-2,872000,13.6,665.0,1,1.0,0
APP1148,47,Salaried,Tier-2,893000,12.1,588.0,2,11.0,0
APP1149,42,Business,Tier-2,456000,6.2,633.0,0,13.0,0
APP1150,26,Self-employed,Tier-1,915000,5.9,665.0,0,3.0,1
APP1151,54,Salaried,Tier-1,890000,22.7,,4,12.0,1
APP1152,54,Business,Tier-2,244000,2.0,707.0,0,15.0,1
APP1153,40,Salaried,Tier-3,547000,6.4,765.0,1,9.0,1
APP1154,58,Salaried,Tier-3,817000,7.0,,1,8.0,0
APP1155,45,Salaried,Tier-2,474000,13.9,718.0,3,4.0,0
APP1156,57,Business,Tier-2,200000,4.3,744.0,3,17.0,1
APP1157,59,Self-employed,Tier-1,556000,10.9,834.0,2,17.0,1
APP1158,43,Business,Tier-3,983000,22.5,634.0,0,15.0,1
APP1159,32,Salaried,Tier-1,1550000,45.6,738.0,1,3.0,0
APP1160,26,Business,Tier-1,195000,4.7,714.0,1,3.0,1
APP1161,43,Self-employed,Tier-2,2736000,57.1,608.0,0,7.0,1
APP1162,28,Self-employed,Tier-3,350000,5.3,688.0,0,3.0,1
APP1163,51,Business,Tier-3,1100000,23.1,669.0,0,17.0,1
APP1164,58,Salaried,Tier-2,1281000,44.4,504.0,1,9.0,0
APP1165,30,Salaried,Tier-1,1116000,25.1,738.0,2,6.0,1
APP1166,43,Self-employed,Tier-1,706000,14.0,733.0,3,16.0,1
APP1167,22,Business,Tier-3,343000,10.9,655.0,0,1.0,1
APP1168,28,Salaried,Tier-3,917000,7.0,583.0,3,1.0,0
APP1169,36,Self-employed,Tier-1,439000,3.4,,0,8.0,1
APP1170,56,Salaried,Tier-3,180000,5.2,711.0,1,19.0,1
APP1171,59,Self-employed,Tier-2,3000000,60.0,771.0,2,26.0,1
APP1172,46,Self-employed,Tier-1,960000,7.2,803.0,1,7.0,1
APP1173,44,Salaried,Tier-2,1767000,11.8,648.0,0,5.0,1
APP1174,43,Self-employed,Tier-1,394000,2.5,755.0,0,14.0,1
APP1175,23,Salaried,Tier-2,1457000,33.1,671.0,1,1.0,1
APP1176,36,Business,Tier-1,1558000,15.6,685.0,1,3.0,0
APP1177,60,Salaried,Tier-2,1528000,34.0,683.0,0,8.0,0
APP1178,37,Salaried,Tier-2,642000,16.2,690.0,0,9.0,1
APP1179,29,Self-employed,Tier-3,335000,2.2,779.0,2,4.0,1
APP1180,30,Salaried,Tier-3,590000,18.4,700.0,1,5.0,1
APP1181,49,Self-employed,Tier-1,194000,2.6,678.0,0,18.0,1
APP1182,22,Salaried,Tier-1,255000,5.6,668.0,0,0.0,1
APP1183,59,Self-employed,Tier-3,684000,11.1,717.0,1,27.0,1
APP1184,56,Self-employed,Tier-2,377000,6.0,618.0,2,24.0,1
APP1185,43,Business,Tier-1,594000,10.5,650.0,0,16.0,1
APP1186,39,Salaried,Tier-1,612000,3.7,686.0,0,11.0,1
APP1187,51,Salaried,Tier-3,1880000,34.7,645.0,0,11.0,1
APP1188,42,Self-employed,Tier-2,1327000,18.2,681.0,1,6.0,0
APP1189,40,Self-employed,Tier-1,634000,10.4,641.0,1,13.0,0
APP1190,33,Salaried,Tier-2,1264000,13.6,850.0,0,5.0,1
APP1191,38,Self-employed,Tier-2,423000,6.6,796.0,0,8.0,1
APP1192,51,Salaried,Tier-2,540000,14.2,726.0,1,,0
APP1193,23,Salaried,Tier-3,1072000,37.0,686.0,1,1.0,1
APP1194,22,Business,Tier-3,328000,3.8,865.0,1,1.0,1
APP1195,49,Salaried,Tier-1,558000,17.4,716.0,0,15.0,1
APP1196,35,Salaried,Tier-1,314000,7.5,683.0,2,6.0,0
APP1197,53,Self-employed,Tier-2,693000,6.2,714.0,0,20.0,1
APP1198,22,Self-employed,Tier-3,1595000,10.2,714.0,0,0.0,1
APP1199,57,Self-employed,Tier-2,430000,13.6,803.0,1,11.0,1
APP1200,25,Business,Tier-2,736000,9.4,688.0,0,3.0,1
APP1201,37,Salaried,Tier-2,397000,3.6,858.0,2,11.0,1
APP1202,59,Self-employed,Tier-1,345000,8.6,619.0,0,22.0,0
APP1203,25,Business,Tier-3,329000,8.7,746.0,0,1.0,1
APP1204,47,Self-employed,Tier-1,1447000,46.2,610.0,0,5.0,0
APP1205,50,Self-employed,Tier-2,2383000,48.9,835.0,0,20.0,1
APP1206,38,Salaried,Tier-1,848000,12.8,664.0,2,12.0,0
APP1207,24,Self-employed,Tier-2,438000,6.7,685.0,3,1.0,0
APP1208,41,Salaried,Tier-3,958000,11.4,764.0,0,11.0,1
APP1209,38,Self-employed,Tier-2,541000,13.2,790.0,1,3.0,1
APP1210,55,Salaried,Tier-1,1010000,33.7,601.0,3,13.0,0
APP1211,48,Salaried,Tier-2,763000,6.5,662.0,1,15.0,1
APP1212,34,Self-employed,Tier-2,758000,13.0,578.0,1,5.0,0
APP1213,23,Salaried,Tier-1,908000,14.7,,0,1.0,1
APP1214,44,Salaried,Tier-1,473000,3.9,682.0,0,16.0,1
APP1215,32,Business,Tier-1,520000,12.1,662.0,0,3.0,0
APP1216,48,Salaried,Tier-2,252000,8.7,635.0,0,15.0,0
APP1217,55,Business,Tier-2,510000,7.2,659.0,1,,1
APP1218,35,Self-employed,Tier-2,297000,8.0,630.0,0,4.0,0
APP1219,57,Salaried,Tier-1,600000,19.3,732.0,2,13.0,1
APP1220,41,Self-employed,Tier-2,384000,5.3,811.0,2,9.0,1
APP1221,42,Salaried,Tier-1,687000,22.4,536.0,1,14.0,0
APP1222,51,Salaried,Tier-3,834000,23.1,681.0,0,18.0,1
APP1223,52,Business,Tier-3,298000,7.4,657.0,1,,0
APP1224,57,Self-employed,Tier-2,416000,4.8,729.0,1,7.0,1
APP1225,60,Self-employed,Tier-2,387000,5.4,614.0,1,29.0,0
APP1226,27,Self-employed,Tier-3,980000,8.8,678.0,1,3.0,1
APP1227,37,Self-employed,Tier-1,1661000,53.1,607.0,0,8.0,0
APP1228,58,Self-employed,Tier-3,1038000,30.6,746.0,2,13.0,1
APP1229,33,Salaried,Tier-1,536000,4.6,698.0,3,8.0,1
APP1230,21,Salaried,Tier-2,1455000,31.1,677.0,2,0.0,0
APP1231,44,Salaried,Tier-1,283000,3.4,720.0,1,12.0,1
APP1232,51,Salaried,Tier-2,1483000,41.8,670.0,1,9.0,1
APP1233,50,Salaried,Tier-3,453000,10.2,566.0,0,18.0,0
APP1234,53,Business,Tier-1,180000,6.0,738.0,3,9.0,1
APP1235,46,Salaried,Tier-3,2793000,60.0,713.0,2,6.0,1
APP1236,26,Salaried,Tier-2,1548000,13.8,678.0,1,3.0,1
APP1237,54,Salaried,Tier-2,368000,6.2,769.0,0,21.0,1
APP1238,37,Self-employed,Tier-2,713000,16.2,787.0,0,5.0,1
APP1239,54,Business,Tier-1,578000,18.8,603.0,0,11.0,0
APP1240,53,Business,Tier-1,688000,11.5,,1,8.0,0
APP1241,59,Salaried,Tier-2,287000,3.3,814.0,2,19.0,1
APP1242,21,Salaried,Tier-1,447000,6.4,804.0,0,0.0,1
APP1243,55,Business,Tier-2,841000,11.1,631.0,0,8.0,1
APP1244,46,Salaried,Tier-3,735000,7.7,596.0,1,12.0,0
APP1245,40,Self-employed,Tier-3,1257000,20.1,639.0,1,9.0,1
APP1246,52,Salaried,Tier-3,679000,9.0,650.0,0,7.0,0
APP1247,59,Business,Tier-3,2366000,49.2,,0,18.0,0
APP1248,41,Salaried,Tier-1,438000,14.0,692.0,1,6.0,1
APP1249,24,Salaried,Tier-3,750000,25.3,588.0,2,1.0,0
APP1250,50,Salaried,Tier-1,227000,2.4,593.0,0,21.0,1
APP1251,30,Salaried,Tier-3,326000,7.3,763.0,2,2.0,0
APP1252,30,Business,Tier-3,1350000,34.5,635.0,0,3.0,0
APP1253,28,Business,Tier-2,387000,4.0,684.0,2,4.0,1
APP1254,28,Salaried,Tier-2,870000,18.6,740.0,2,3.0,1
APP1255,57,Self-employed,Tier-1,628000,7.4,755.0,1,6.0,1
APP1256,35,Salaried,Tier-2,366000,6.1,663.0,1,9.0,1
APP1257,25,Salaried,Tier-1,537000,8.3,694.0,0,1.0,0
APP1258,28,Salaried,Tier-1,490000,14.5,624.0,0,3.0,0
APP1259,36,Salaried,Tier-1,497000,6.4,830.0,1,10.0,1
APP1260,34,Salaried,Tier-3,984000,21.3,742.0,3,10.0,1
APP1261,33,Self-employed,Tier-3,931000,21.4,602.0,2,8.0,0
APP1262,58,Self-employed,Tier-1,473000,7.4,690.0,2,15.0,0
APP1263,55,Salaried,Tier-1,395000,13.0,747.0,0,20.0,1
APP1264,43,Self-employed,Tier-1,759000,11.9,728.0,0,14.0,1
APP1265,60,Business,Tier-1,615000,9.5,836.0,2,10.0,1
APP1266,34,Salaried,Tier-1,1144000,29.8,800.0,0,10.0,1
APP1267,26,Salaried,Tier-2,2800000,56.4,647.0,1,1.0,0
APP1268,31,Self-employed,Tier-2,1033000,27.9,683.0,1,5.0,0
APP1269,24,Salaried,Tier-2,638000,6.7,587.0,3,1.0,0
APP1270,59,Self-employed,Tier-1,591000,6.1,710.0,0,11.0,1
APP1271,29,Salaried,Tier-2,406000,11.1,702.0,2,2.0,1
APP1272,38,Self-employed,Tier-1,395000,6.8,890.0,1,12.0,1
APP1273,29,Salaried,Tier-2,374000,11.5,698.0,1,2.0,1
APP1274,60,Salaried,Tier-2,523000,6.7,523.0,0,27.0,0
APP1275,27,Salaried,Tier-3,514000,6.7,636.0,0,,0
APP1276,41,Self-employed,Tier-1,979000,30.4,699.0,0,7.0,1
APP1277,59,Salaried,Tier-2,522000,8.6,590.0,1,11.0,0
APP1278,41,Business,Tier-1,583000,5.4,621.0,3,15.0,0
APP1279,56,Salaried,Tier-3,333000,4.1,,1,7.0,1
APP1280,56,Salaried,Tier-2,1606000,45.5,717.0,2,23.0,1
APP1281,51,Salaried,Tier-2,859000,11.8,677.0,1,10.0,1
APP1282,50,Salaried,Tier-3,1739000,38.5,,0,21.0,0
APP1283,44,Salaried,Tier-2,1008000,30.4,753.0,1,14.0,1
APP1284,44,Self-employed,Tier-1,1475000,35.0,,0,7.0,0
APP1285,54,Self-employed,Tier-1,567000,15.8,650.0,3,15.0,0
APP1286,38,Salaried,Tier-3,964000,33.1,580.0,0,4.0,0
APP1287,58,Salaried,Tier-1,2878000,42.2,627.0,1,15.0,0
APP1288,56,Salaried,Tier-1,332000,10.4,742.0,0,6.0,1
APP1289,35,Self-employed,Tier-3,1241000,27.3,561.0,2,8.0,0
APP1290,37,Salaried,Tier-1,1654000,19.6,684.0,1,8.0,1
APP1291,49,Business,Tier-1,819000,8.0,747.0,4,9.0,0
APP1292,57,Self-employed,Tier-1,990000,15.4,660.0,1,6.0,1
APP1293,24,Self-employed,Tier-1,1314000,13.1,709.0,0,2.0,1
APP1294,23,Self-employed,Tier-2,450000,12.8,601.0,1,0.0,0
APP1295,30,Self-employed,Tier-2,818000,18.1,795.0,0,,1
APP1296,38,Salaried,Tier-1,399000,2.9,778.0,0,3.0,1
APP1297,27,Salaried,Tier-1,444000,14.0,709.0,0,2.0,1
APP1298,41,Salaried,Tier-3,459000,10.7,550.0,1,8.0,0
APP1299,42,Salaried,Tier-3,600000,11.3,606.0,1,10.0,0
APP1300,59,Salaried,Tier-2,706000,7.1,768.0,0,13.0,1
APP1301,50,Salaried,Tier-1,839000,16.5,827.0,2,9.0,1
APP1302,31,Self-employed,Tier-2,293000,9.6,714.0,0,6.0,1
APP1303,52,Salaried,Tier-2,1982000,45.5,790.0,1,10.0,1
APP1304,53,Salaried,Tier-2,1246000,24.1,641.0,0,11.0,1
APP1305,48,Salaried,Tier-3,978000,23.1,675.0,1,12.0,1
APP1306,48,Salaried,Tier-2,531000,11.7,690.0,0,8.0,1
APP1307,33,Business,Tier-2,618000,14.9,724.0,1,,1
APP1308,49,Salaried,Tier-1,885000,10.4,568.0,0,6.0,0
APP1309,26,Salaried,Tier-2,820000,8.5,765.0,0,2.0,1
APP1310,46,Salaried,Tier-3,252000,1.6,796.0,0,10.0,1
APP1311,57,Salaried,Tier-2,987000,29.7,598.0,1,11.0,0
APP1312,59,Salaried,Tier-1,3000000,18.3,582.0,0,25.0,1
APP1313,32,Salaried,Tier-3,229000,3.1,718.0,0,4.0,1
APP1314,34,Salaried,Tier-2,1139000,26.2,638.0,2,5.0,0
APP1315,45,Salaried,Tier-2,800000,16.4,500.0,2,10.0,0
APP1316,36,Self-employed,Tier-2,610000,19.6,755.0,1,10.0,1
APP1317,50,Salaried,Tier-3,1409000,17.2,702.0,1,8.0,1
APP1318,29,Self-employed,Tier-1,333000,3.1,652.0,1,5.0,0
APP1319,27,Salaried,Tier-2,713000,7.6,859.0,3,4.0,1
APP1320,23,Salaried,Tier-2,1485000,30.3,701.0,1,1.0,1
APP1321,39,Business,Tier-2,582000,8.4,630.0,2,5.0,0
APP1322,29,Salaried,Tier-3,513000,9.9,698.0,0,5.0,1
APP1323,32,Business,Tier-2,694000,18.0,607.0,1,4.0,0
APP1324,57,Business,Tier-2,506000,7.8,629.0,2,10.0,0
APP1325,53,Self-employed,Tier-1,1558000,39.4,721.0,1,6.0,1
APP1326,54,Salaried,Tier-3,389000,2.6,646.0,0,17.0,1
APP1327,44,Self-employed,Tier-1,1065000,23.3,654.0,1,16.0,0
APP1328,25,Self-employed,Tier-2,320000,10.3,824.0,0,3.0,1
APP1329,50,Self-employed,Tier-2,949000,31.4,759.0,1,15.0,0
APP1330,45,Salaried,Tier-3,613000,13.8,754.0,0,10.0,1
APP1331,57,Business,Tier-3,180000,6.2,732.0,2,26.0,0
APP1332,40,Business,Tier-1,648000,8.3,729.0,2,10.0,1
APP1333,27,Salaried,Tier-3,356000,5.2,807.0,1,4.0,1
APP1334,44,Salaried,Tier-2,506000,9.6,688.0,1,13.0,1
APP1335,39,Salaried,Tier-1,1551000,32.2,838.0,0,10.0,1
APP1336,47,Business,Tier-2,346000,10.3,614.0,0,15.0,0
APP1337,36,Business,Tier-1,357000,6.8,,0,3.0,1
APP1338,33,Business,Tier-2,1468000,10.9,580.0,2,4.0,0
APP1339,26,Self-employed,Tier-1,694000,18.2,662.0,1,1.0,0
APP1340,59,Self-employed,Tier-2,1554000,19.4,731.0,2,27.0,1
APP1341,51,Self-employed,Tier-1,780000,24.6,806.0,1,22.0,1
APP1342,39,Self-employed,Tier-2,395000,4.8,637.0,0,9.0,0
APP1343,30,Business,Tier-3,626000,9.1,690.0,0,2.0,0
APP1344,46,Self-employed,Tier-3,1303000,13.0,661.0,1,6.0,1
APP1345,37,Salaried,Tier-1,1107000,16.4,631.0,0,7.0,1
APP1346,46,Salaried,Tier-2,650000,15.2,595.0,1,10.0,0
APP1347,24,Salaried,Tier-1,668000,9.2,695.0,2,1.0,1
APP1348,28,Self-employed,Tier-2,610000,4.5,551.0,1,1.0,0
APP1349,50,Self-employed,Tier-3,469000,10.8,699.0,3,16.0,0
APP1350,23,Salaried,Tier-1,1938000,52.9,692.0,2,1.0,0
APP1351,48,Business,Tier-3,653000,6.0,637.0,0,5.0,1
APP1352,37,Self-employed,Tier-2,343000,6.3,609.0,0,5.0,0
APP1353,21,Salaried,Tier-1,496000,4.0,579.0,2,0.0,0
APP1354,51,Salaried,Tier-3,980000,6.4,840.0,1,14.0,1
APP1355,48,Salaried,Tier-1,934000,15.7,583.0,1,14.0,0
APP1356,53,Salaried,Tier-3,601000,8.6,815.0,2,13.0,1
APP1357,56,Salaried,Tier-1,445000,14.0,738.0,1,23.0,1
APP1358,50,Salaried,Tier-1,659000,4.2,661.0,1,11.0,1
APP1359,54,Business,Tier-3,252000,6.2,597.0,1,11.0,0
APP1360,25,Salaried,Tier-2,311000,8.5,773.0,2,,0
APP1361,57,Business,Tier-1,1021000,18.5,828.0,0,24.0,1
APP1362,57,Self-employed,Tier-2,496000,10.2,615.0,1,24.0,0
APP1363,48,Business,Tier-1,804000,10.6,666.0,0,7.0,1
APP1364,53,Salaried,Tier-2,1295000,17.2,774.0,0,9.0,1
APP1365,50,Salaried,Tier-2,939000,7.1,717.0,1,12.0,1
APP1366,56,Self-employed,Tier-3,658000,21.2,850.0,0,26.0,1
APP1367,56,Salaried,Tier-1,2165000,14.8,644.0,2,18.0,0
APP1368,41,Salaried,Tier-2,948000,9.5,733.0,1,10.0,1
APP1369,53,Self-employed,Tier-3,532000,14.4,590.0,0,11.0,0
APP1370,57,Self-employed,Tier-2,983000,18.9,858.0,1,27.0,1
APP1371,32,Salaried,Tier-3,819000,17.1,632.0,2,3.0,0
APP1372,22,Salaried,Tier-1,401000,5.8,513.0,4,0.0,0
APP1373,27,Business,Tier-3,677000,7.2,680.0,1,3.0,0
APP1374,22,Salaried,Tier-2,592000,17.3,679.0,2,1.0,1
APP1375,38,Self-employed,Tier-3,214000,2.1,843.0,1,11.0,1
APP1376,21,Salaried,Tier-3,590000,8.6,663.0,1,0.0,0
APP1377,31,Business,Tier-3,554000,15.4,689.0,0,3.0,0
APP1378,31,Salaried,Tier-1,507000,7.4,737.0,0,7.0,1
APP1379,49,Salaried,Tier-2,256000,8.6,817.0,3,13.0,1
APP1380,30,Salaried,Tier-1,532000,5.9,685.0,0,3.0,1
APP1381,58,Self-employed,Tier-1,636000,13.5,773.0,1,9.0,1
APP1382,28,Business,Tier-1,689000,14.9,731.0,2,4.0,1
APP1383,59,Salaried,Tier-2,342000,7.0,666.0,1,25.0,1
APP1384,43,Salaried,Tier-2,929000,26.4,696.0,1,11.0,1
APP1385,30,Self-employed,Tier-3,327000,2.4,692.0,1,3.0,0
APP1386,22,Self-employed,Tier-1,573000,12.5,617.0,0,1.0,0
APP1387,33,Salaried,Tier-1,1360000,39.3,787.0,1,9.0,1
APP1388,44,Self-employed,Tier-2,439000,3.3,579.0,1,11.0,0
APP1389,25,Salaried,Tier-3,487000,10.6,784.0,1,2.0,1
APP1390,27,Business,Tier-2,1193000,22.4,766.0,0,4.0,1
APP1391,25,Salaried,Tier-2,523000,9.3,683.0,1,2.0,0
APP1392,48,Self-employed,Tier-3,550000,11.9,629.0,2,,0
APP1393,24,Self-employed,Tier-2,737000,17.8,672.0,0,1.0,0
APP1394,21,Self-employed,Tier-1,1176000,31.1,728.0,1,0.0,0
APP1395,39,Salaried,Tier-1,187000,6.0,749.0,3,12.0,0
APP1396,33,Self-employed,Tier-2,407000,10.2,713.0,1,9.0,0
APP1397,43,Self-employed,Tier-3,368000,12.9,769.0,0,5.0,1
APP1398,58,Salaried,Tier-2,352000,8.9,645.0,0,8.0,1
APP1399,55,Salaried,Tier-1,401000,5.5,709.0,2,18.0,1
APP1400,42,Business,Tier-2,405000,4.2,565.0,0,14.0,0
APP1401,46,Self-employed,Tier-2,771000,6.2,751.0,1,5.0,1
APP1402,53,Salaried,Tier-2,394000,5.4,702.0,0,17.0,1
APP1403,38,Self-employed,Tier-2,696000,6.6,657.0,1,5.0,1
APP1404,47,Salaried,Tier-3,815000,21.0,783.0,0,19.0,1
APP1405,29,Salaried,Tier-1,431000,11.2,745.0,3,3.0,1
APP1406,45,Business,Tier-2,700000,16.6,,2,5.0,0
APP1407,30,Salaried,Tier-2,1635000,28.0,693.0,1,6.0,1
APP1408,28,Salaried,Tier-3,779000,15.2,574.0,0,2.0,1
APP1409,51,Salaried,Tier-2,454000,6.1,775.0,0,12.0,1
APP1410,43,Salaried,Tier-2,627000,20.5,889.0,1,5.0,1
APP1411,36,Salaried,Tier-3,388000,2.5,649.0,1,5.0,1
APP1412,22,Salaried,Tier-2,757000,11.6,696.0,2,0.0,1
APP1413,30,Salaried,Tier-3,1056000,23.9,670.0,1,3.0,0
APP1414,53,Salaried,Tier-1,410000,4.6,718.0,1,16.0,1
APP1415,39,Salaried,Tier-1,578000,17.8,742.0,3,6.0,0
APP1416,59,Salaried,Tier-3,1215000,24.2,793.0,0,21.0,1
APP1417,57,Self-employed,Tier-1,491000,8.2,611.0,2,25.0,1
APP1418,55,Business,Tier-3,722000,5.6,816.0,0,17.0,1
APP1419,21,Salaried,Tier-2,366000,5.2,615.0,0,0.0,0
APP1420,23,Self-employed,Tier-2,410000,9.5,712.0,1,1.0,1
APP1421,44,Salaried,Tier-1,487000,6.9,783.0,0,6.0,1
APP1422,34,Salaried,Tier-3,2152000,15.7,747.0,0,5.0,1
APP1423,54,Salaried,Tier-1,519000,11.8,615.0,1,15.0,0
APP1424,33,Business,Tier-3,486000,7.2,634.0,2,6.0,0
APP1425,27,Salaried,Tier-3,477000,14.6,653.0,1,2.0,1
APP1426,25,Business,Tier-1,593000,15.5,686.0,1,2.0,1
APP1427,33,Salaried,Tier-1,932000,25.1,782.0,0,6.0,1
APP1428,46,Self-employed,Tier-3,721000,22.9,587.0,1,11.0,0
APP1429,26,Business,Tier-2,2016000,59.5,727.0,0,2.0,1
APP1430,52,Business,Tier-1,731000,11.4,739.0,1,12.0,1
APP1431,33,Salaried,Tier-2,1441000,32.4,735.0,0,5.0,1
APP1432,33,Salaried,Tier-1,757000,10.2,727.0,1,4.0,1
APP1433,47,Salaried,Tier-2,907000,10.7,811.0,0,13.0,1
APP1434,55,Self-employed,Tier-2,294000,3.5,729.0,0,16.0,1
APP1435,38,Salaried,Tier-3,606000,5.6,759.0,1,7.0,1
APP1436,52,Salaried,Tier-3,626000,8.1,735.0,2,18.0,1
APP1437,33,Business,Tier-1,569000,7.1,833.0,1,8.0,1
APP1438,26,Salaried,Tier-2,199000,5.1,538.0,0,3.0,0
APP1439,54,Salaried,Tier-2,1055000,14.0,793.0,2,12.0,1
APP1440,51,Business,Tier-3,525000,3.9,669.0,2,21.0,1
APP1441,51,Salaried,Tier-1,511000,9.3,668.0,0,6.0,1
APP1442,56,Salaried,Tier-2,565000,6.7,612.0,0,22.0,1
APP1443,40,Salaried,Tier-3,573000,14.9,541.0,1,8.0,0
APP1444,28,Salaried,Tier-2,813000,10.1,659.0,0,3.0,1
APP1445,44,Salaried,Tier-1,323000,7.2,635.0,1,15.0,1
APP1446,43,Self-employed,Tier-2,390000,4.3,730.0,0,12.0,0
APP1447,36,Business,Tier-1,763000,15.2,572.0,1,11.0,0
APP1448,46,Self-employed,Tier-3,704000,21.9,805.0,2,17.0,1
APP1449,31,Self-employed,Tier-1,528000,7.8,712.0,1,2.0,1
APP1450,45,Salaried,Tier-1,474000,10.1,670.0,0,11.0,1
APP1451,52,Self-employed,Tier-1,411000,7.7,633.0,0,19.0,1
APP1452,24,Self-employed,Tier-2,629000,5.1,627.0,1,1.0,0
APP1453,39,Self-employed,Tier-1,1244000,8.2,600.0,0,9.0,0
APP1454,47,Business,Tier-3,363000,11.0,,1,19.0,0
APP1455,23,Self-employed,Tier-3,1502000,23.8,690.0,0,1.0,1
APP1456,46,Salaried,Tier-3,1034000,26.8,676.0,1,6.0,0
APP1457,57,Self-employed,Tier-1,507000,9.1,,0,12.0,0
APP1458,53,Salaried,Tier-1,1000000,30.3,669.0,1,11.0,1
APP1459,48,Salaried,Tier-2,290000,3.4,619.0,0,,1
APP1460,53,Self-employed,Tier-3,251000,5.0,,1,,0
APP1461,35,Business,Tier-3,320000,7.0,839.0,3,9.0,1
APP1462,34,Salaried,Tier-1,519000,15.1,740.0,0,,1
APP1463,24,Salaried,Tier-2,543000,3.7,665.0,2,2.0,0
APP1464,49,Self-employed,Tier-3,490000,8.1,560.0,0,6.0,0
APP1465,33,Salaried,Tier-3,687000,13.6,,0,2.0,0
APP1466,55,Salaried,Tier-2,201000,4.6,555.0,0,25.0,0
APP1467,39,Salaried,Tier-3,854000,8.6,748.0,1,6.0,1
APP1468,56,Salaried,Tier-3,298000,6.5,629.0,1,25.0,1
APP1469,26,Self-employed,Tier-2,452000,11.8,695.0,0,2.0,0
APP1470,27,Self-employed,Tier-1,518000,14.1,640.0,0,3.0,0
APP1471,34,Salaried,Tier-2,344000,4.3,697.0,0,7.0,1
APP1472,22,Business,Tier-1,306000,5.7,802.0,0,0.0,1
APP1473,40,Business,Tier-2,374000,5.5,635.0,1,4.0,0
APP1474,47,Salaried,Tier-3,646000,11.1,663.0,0,11.0,1
APP1475,47,Salaried,Tier-2,899000,14.9,,3,6.0,0
APP1476,29,Salaried,Tier-2,887000,29.6,760.0,0,3.0,1
APP1477,27,Business,Tier-3,376000,2.4,608.0,0,2.0,1
APP1478,43,Business,Tier-1,421000,14.1,599.0,0,7.0,0
APP1479,46,Salaried,Tier-3,392000,2.7,579.0,2,11.0,0
APP1480,58,Salaried,Tier-3,832000,6.9,577.0,2,12.0,0
APP1481,56,Salaried,Tier-2,212000,2.5,728.0,0,12.0,1
APP1482,36,Salaried,Tier-1,1284000,18.4,890.0,0,7.0,1
APP1483,27,Business,Tier-1,498000,15.4,610.0,0,3.0,0
APP1484,31,Salaried,Tier-3,422000,12.8,766.0,4,2.0,0
APP1485,56,Salaried,Tier-1,783000,25.9,,1,26.0,1
APP1486,39,Salaried,Tier-1,1147000,19.8,602.0,1,7.0,0
APP1487,60,Salaried,Tier-3,785000,5.1,668.0,2,27.0,1
APP1488,47,Self-employed,Tier-2,1160000,28.0,671.0,2,4.0,1
APP1489,44,Salaried,Tier-2,700000,22.5,635.0,1,4.0,1
APP1490,25,Salaried,Tier-2,1278000,11.6,844.0,2,1.0,1
APP1491,44,Salaried,Tier-1,1289000,38.7,538.0,0,16.0,0
APP1492,36,Business,Tier-1,615000,3.7,720.0,1,6.0,1
APP1493,54,Self-employed,Tier-2,1434000,39.1,717.0,0,22.0,1
APP1494,26,Salaried,Tier-1,712000,14.5,644.0,0,3.0,1
APP1495,28,Business,Tier-2,682000,22.1,702.0,0,1.0,1
APP1496,47,Salaried,Tier-2,392000,12.3,760.0,0,10.0,1
APP1497,48,Self-employed,Tier-2,555000,4.1,702.0,0,9.0,1
APP1498,54,Salaried,Tier-2,997000,20.4,723.0,2,14.0,1
APP1499,41,Business,Tier-1,316000,4.1,745.0,2,12.0,1
APP1500,36,Salaried,Tier-1,929000,17.4,527.0,1,3.0,0
