customer_id,age,plan_type,network_type,monthly_bill,data_used_mb,call_drops_per_week,complaints_last_3m,months_with_provider,churned
CUST2001,24,Postpaid,4G,624,9960.0,3,0,2.0,1
CUST2002,24,Prepaid,4G,409,,1,0,6.0,1
CUST2003,56,Prepaid,5G,662,15700.0,2,0,11.0,1
CUST2004,41,Prepaid,4G,516,15390.0,5,0,3.0,1
CUST2005,46,Postpaid,5G,484,42000.0,1,1,13.0,0
CUST2006,46,Postpaid,4G,606,10380.0,4,0,30.0,0
CUST2007,52,Prepaid,5G,305,18420.0,2,0,10.0,0
CUST2008,19,Prepaid,5G,490,18440.0,3,1,4.0,1
CUST2009,41,Postpaid,4G,443,11650.0,3,1,86.0,0
CUST2010,25,Postpaid,5G,661,6070.0,2,1,49.0,0
CUST2011,37,Prepaid,4G,602,22230.0,1,0,26.0,1
CUST2012,62,Prepaid,4G,456,16450.0,4,0,15.0,1
CUST2013,44,Prepaid,4G,249,14170.0,2,0,26.0,0
CUST2014,21,Prepaid,4G,314,13900.0,1,1,32.0,0
CUST2015,44,Prepaid,4G,477,13870.0,2,1,17.0,1
CUST2016,24,Prepaid,4G,556,7300.0,2,2,40.0,1
CUST2017,54,Prepaid,5G,634,16740.0,1,0,62.0,0
CUST2018,63,Prepaid,4G,418,3860.0,3,0,9.0,1
CUST2019,65,Postpaid,5G,410,13370.0,4,0,57.0,0
CUST2020,47,Postpaid,4G,1013,4770.0,3,2,15.0,1
CUST2021,59,Prepaid,4G,516,10630.0,5,4,32.0,1
CUST2022,35,Prepaid,4G,539,22410.0,3,1,88.0,0
CUST2023,24,Prepaid,4G,517,,4,2,40.0,1
CUST2024,42,Postpaid,4G,472,9690.0,2,1,50.0,0
CUST2025,39,Postpaid,4G,630,19410.0,5,1,16.0,1
CUST2026,49,Prepaid,5G,507,11210.0,1,1,32.0,0
CUST2027,65,Postpaid,4G,927,10170.0,8,0,93.0,1
CUST2028,31,Postpaid,4G,713,10270.0,1,0,8.0,0
CUST2029,59,Prepaid,4G,99,38950.0,8,0,6.0,1
CUST2030,24,Postpaid,5G,647,21510.0,2,2,16.0,1
CUST2031,34,Prepaid,4G,528,18900.0,4,2,46.0,1
CUST2032,55,Prepaid,5G,735,5870.0,3,1,39.0,0
CUST2033,29,Prepaid,5G,606,20800.0,1,1,33.0,0
CUST2034,50,Prepaid,4G,998,5450.0,1,0,27.0,0
CUST2035,40,Postpaid,4G,1013,18840.0,7,1,84.0,0
CUST2036,42,Postpaid,4G,996,6160.0,4,0,25.0,1
CUST2037,63,Postpaid,5G,907,52770.0,0,1,4.0,1
CUST2038,57,Prepaid,5G,146,4140.0,6,1,3.0,1
CUST2039,58,Prepaid,5G,636,31610.0,3,1,20.0,0
CUST2040,44,Postpaid,4G,832,,0,0,15.0,0
CUST2041,65,Postpaid,4G,584,3880.0,5,0,19.0,0
CUST2042,65,Postpaid,5G,829,11350.0,1,2,22.0,0
CUST2043,24,Prepaid,4G,542,36890.0,4,3,14.0,1
CUST2044,27,Postpaid,5G,598,29720.0,3,1,6.0,1
CUST2045,32,Prepaid,4G,423,4200.0,2,0,33.0,1
CUST2046,44,Prepaid,4G,392,9320.0,4,0,16.0,1
CUST2047,57,Prepaid,4G,501,5900.0,4,1,4.0,1
CUST2048,41,Postpaid,4G,607,6550.0,6,0,32.0,1
CUST2049,65,Prepaid,5G,570,8550.0,5,1,23.0,1
CUST2050,34,Postpaid,5G,278,48630.0,4,3,12.0,1
CUST2051,62,Prepaid,4G,388,14710.0,6,1,2.0,1
CUST2052,46,Prepaid,4G,99,11440.0,2,1,8.0,1
CUST2053,52,Postpaid,5G,594,10600.0,7,0,63.0,0
CUST2054,29,Prepaid,4G,564,21350.0,6,0,47.0,0
CUST2055,46,Prepaid,4G,455,21720.0,1,1,3.0,1
CUST2056,56,Prepaid,5G,426,7040.0,4,0,30.0,1
CUST2057,60,Postpaid,4G,715,37390.0,6,0,8.0,0
CUST2058,59,Prepaid,4G,795,6270.0,2,1,37.0,1
CUST2059,64,Prepaid,5G,207,11020.0,4,0,3.0,0
CUST2060,24,Prepaid,5G,645,18340.0,1,1,16.0,0
CUST2061,55,Prepaid,4G,117,44310.0,2,0,8.0,0
CUST2062,40,Prepaid,4G,347,10500.0,3,0,15.0,1
CUST2063,50,Prepaid,4G,486,,7,1,59.0,1
CUST2064,31,Prepaid,4G,263,33290.0,1,1,26.0,1
CUST2065,18,Prepaid,4G,495,20690.0,3,1,16.0,1
CUST2066,21,Prepaid,4G,610,29440.0,1,0,1.0,1
CUST2067,64,Prepaid,4G,187,27670.0,7,2,2.0,1
CUST2068,61,Postpaid,4G,683,16050.0,0,0,60.0,0
CUST2069,32,Postpaid,4G,617,20800.0,1,1,47.0,1
CUST2070,38,Postpaid,4G,273,25410.0,2,2,4.0,1
CUST2071,29,Postpaid,4G,659,13120.0,2,1,7.0,1
CUST2072,25,Prepaid,4G,274,40940.0,3,2,96.0,0
CUST2073,59,Prepaid,5G,745,3330.0,2,1,18.0,1
CUST2074,50,Prepaid,4G,257,7020.0,2,1,15.0,1
CUST2075,21,Prepaid,4G,824,36750.0,2,1,29.0,0
CUST2076,27,Prepaid,4G,333,18040.0,4,1,62.0,0
CUST2077,45,Postpaid,4G,1126,8520.0,2,0,60.0,0
CUST2078,61,Prepaid,4G,569,17430.0,3,0,12.0,1
CUST2079,65,Prepaid,4G,550,28630.0,5,1,4.0,1
CUST2080,28,Prepaid,4G,627,9050.0,1,0,36.0,0
CUST2081,47,Postpaid,4G,899,22910.0,3,1,17.0,1
CUST2082,19,Prepaid,5G,759,12290.0,5,2,14.0,1
CUST2083,26,Prepaid,4G,831,12360.0,2,0,29.0,0
CUST2084,27,Postpaid,5G,624,12750.0,4,2,67.0,0
CUST2085,39,Prepaid,4G,175,29140.0,6,0,45.0,0
CUST2086,34,Prepaid,4G,99,6110.0,6,1,19.0,1
CUST2087,52,Prepaid,4G,365,10350.0,5,1,20.0,1
CUST2088,40,Prepaid,4G,617,21290.0,4,0,42.0,0
CUST2089,34,Postpaid,4G,783,5700.0,4,0,29.0,0
CUST2090,61,Prepaid,4G,475,4430.0,1,2,28.0,0
CUST2091,48,Postpaid,5G,623,19940.0,2,1,23.0,0
CUST2092,51,Prepaid,4G,309,13410.0,2,0,30.0,1
CUST2093,53,Prepaid,5G,388,12080.0,3,1,8.0,1
CUST2094,34,Prepaid,4G,536,14790.0,3,2,35.0,1
CUST2095,60,Prepaid,4G,99,6780.0,5,0,9.0,1
CUST2096,18,Prepaid,4G,610,80000.0,4,2,11.0,1
CUST2097,32,Prepaid,5G,129,6730.0,4,0,9.0,1
CUST2098,25,Prepaid,4G,415,9880.0,3,1,51.0,1
CUST2099,18,Prepaid,4G,310,4950.0,3,0,3.0,1
CUST2100,65,Prepaid,4G,369,10010.0,4,0,15.0,0
CUST2101,22,Postpaid,5G,469,38980.0,4,1,17.0,0
CUST2102,40,Prepaid,4G,196,13570.0,1,0,14.0,0
CUST2103,57,Prepaid,5G,399,20310.0,1,0,14.0,0
CUST2104,51,Prepaid,4G,211,9550.0,6,0,23.0,1
CUST2105,59,Prepaid,5G,990,47650.0,3,0,16.0,1
CUST2106,20,Prepaid,4G,357,15020.0,2,2,16.0,1
CUST2107,41,Prepaid,4G,304,,1,0,39.0,0
CUST2108,19,Prepaid,4G,328,22960.0,3,0,54.0,0
CUST2109,27,Prepaid,4G,213,10340.0,1,1,10.0,1
CUST2110,58,Prepaid,4G,99,20480.0,1,2,15.0,1
CUST2111,21,Postpaid,4G,642,14760.0,3,0,,1
CUST2112,46,Postpaid,4G,767,16110.0,5,2,88.0,0
CUST2113,18,Postpaid,4G,368,,2,2,15.0,1
CUST2114,32,Prepaid,4G,450,7110.0,0,0,26.0,0
CUST2115,62,Postpaid,4G,432,4680.0,2,0,8.0,0
CUST2116,33,Prepaid,4G,441,,0,1,21.0,0
CUST2117,32,Prepaid,5G,527,12180.0,3,1,79.0,0
CUST2118,22,Postpaid,4G,805,16350.0,1,3,39.0,0
CUST2119,55,Postpaid,4G,794,9680.0,3,1,10.0,1
CUST2120,26,Postpaid,4G,543,3250.0,1,0,13.0,0
CUST2121,41,Postpaid,4G,892,5480.0,3,4,1.0,1
CUST2122,19,Postpaid,4G,600,35550.0,5,0,7.0,1
CUST2123,19,Prepaid,4G,525,7730.0,1,0,5.0,0
CUST2124,58,Prepaid,4G,603,10240.0,2,2,8.0,1
CUST2125,18,Prepaid,4G,381,4790.0,3,0,21.0,0
CUST2126,40,Prepaid,4G,166,9250.0,2,2,4.0,1
CUST2127,38,Postpaid,5G,833,10310.0,4,1,22.0,0
CUST2128,24,Prepaid,4G,202,11450.0,0,0,,0
CUST2129,48,Prepaid,4G,252,12700.0,3,0,4.0,1
CUST2130,53,Postpaid,4G,456,8590.0,2,1,8.0,0
CUST2131,65,Prepaid,4G,633,8940.0,4,1,96.0,0
CUST2132,27,Postpaid,4G,662,13240.0,3,1,10.0,1
CUST2133,62,Prepaid,4G,99,16750.0,4,0,23.0,1
CUST2134,20,Prepaid,4G,610,12090.0,3,2,9.0,1
CUST2135,24,Postpaid,4G,1154,45240.0,3,1,2.0,1
CUST2136,46,Postpaid,4G,1094,,4,0,15.0,1
CUST2137,59,Prepaid,5G,323,14950.0,1,1,20.0,0
CUST2138,60,Prepaid,4G,465,8430.0,3,0,7.0,1
CUST2139,53,Postpaid,4G,810,27390.0,1,1,44.0,0
CUST2140,19,Prepaid,4G,644,6520.0,6,1,20.0,1
CUST2141,38,Prepaid,4G,456,4300.0,1,0,24.0,0
CUST2142,56,Prepaid,4G,207,6740.0,1,1,11.0,1
CUST2143,43,Prepaid,4G,614,20570.0,5,2,37.0,1
CUST2144,27,Postpaid,4G,833,5990.0,2,0,32.0,0
CUST2145,50,Prepaid,4G,155,32980.0,0,2,23.0,0
CUST2146,22,Postpaid,4G,617,13120.0,2,1,6.0,1
CUST2147,51,Prepaid,4G,507,4610.0,1,3,51.0,1
CUST2148,18,Prepaid,4G,447,11350.0,9,1,34.0,1
CUST2149,35,Prepaid,5G,563,46440.0,4,4,80.0,1
CUST2150,32,Prepaid,4G,623,7300.0,1,0,24.0,0
CUST2151,63,Prepaid,4G,567,5330.0,2,1,33.0,0
CUST2152,52,Prepaid,4G,422,19070.0,2,1,29.0,1
CUST2153,49,Prepaid,5G,151,33240.0,4,0,42.0,0
CUST2154,41,Prepaid,4G,583,27130.0,2,1,15.0,1
CUST2155,31,Prepaid,5G,756,10580.0,2,0,12.0,1
CUST2156,58,Postpaid,4G,1132,15190.0,4,0,26.0,1
CUST2157,63,Prepaid,4G,440,16720.0,7,3,5.0,1
CUST2158,28,Prepaid,4G,439,30290.0,5,1,,1
CUST2159,29,Postpaid,4G,1016,59920.0,2,0,12.0,0
CUST2160,33,Postpaid,4G,1014,12350.0,3,1,44.0,0
CUST2161,40,Prepaid,4G,522,33060.0,4,1,16.0,1
CUST2162,30,Prepaid,5G,604,10470.0,2,0,36.0,0
CUST2163,37,Postpaid,5G,530,20110.0,5,0,96.0,0
CUST2164,64,Postpaid,4G,826,6930.0,3,0,52.0,0
CUST2165,35,Postpaid,4G,515,7800.0,0,3,29.0,1
CUST2166,63,Prepaid,4G,415,17810.0,1,0,8.0,0
CUST2167,42,Prepaid,5G,420,7110.0,2,0,28.0,0
CUST2168,34,Postpaid,4G,594,24780.0,4,0,44.0,1
CUST2169,62,Postpaid,4G,232,9060.0,3,0,46.0,0
CUST2170,38,Postpaid,4G,515,14060.0,2,0,12.0,0
CUST2171,55,Postpaid,5G,770,12560.0,3,1,4.0,1
CUST2172,33,Prepaid,5G,434,10540.0,3,2,13.0,1
CUST2173,65,Prepaid,4G,360,14590.0,3,0,40.0,1
CUST2174,53,Postpaid,4G,791,28340.0,6,0,96.0,0
CUST2175,60,Postpaid,4G,848,80000.0,2,0,85.0,0
CUST2176,19,Prepaid,4G,633,5800.0,8,1,28.0,1
CUST2177,23,Postpaid,4G,519,16430.0,4,2,37.0,1
CUST2178,21,Prepaid,4G,451,11780.0,3,3,4.0,1
CUST2179,43,Prepaid,4G,373,7030.0,1,1,56.0,0
CUST2180,37,Prepaid,4G,253,16270.0,2,1,96.0,0
CUST2181,64,Prepaid,4G,117,7200.0,3,1,38.0,1
CUST2182,29,Postpaid,4G,675,12610.0,2,1,23.0,1
CUST2183,26,Postpaid,4G,504,31710.0,3,0,9.0,0
CUST2184,58,Postpaid,4G,1170,3240.0,2,0,18.0,0
CUST2185,32,Prepaid,5G,425,15840.0,2,1,30.0,0
CUST2186,53,Prepaid,4G,397,18200.0,1,1,9.0,0
CUST2187,31,Postpaid,4G,609,6810.0,5,1,21.0,1
CUST2188,44,Prepaid,4G,859,19210.0,4,2,28.0,1
CUST2189,21,Postpaid,5G,489,17030.0,1,2,46.0,0
CUST2190,49,Prepaid,5G,411,10430.0,7,0,66.0,1
CUST2191,61,Prepaid,5G,277,31110.0,2,0,23.0,0
CUST2192,51,Prepaid,5G,419,5330.0,3,2,12.0,1
CUST2193,60,Postpaid,5G,688,20890.0,4,1,34.0,0
CUST2194,55,Postpaid,5G,938,11310.0,3,3,66.0,0
CUST2195,45,Prepaid,4G,135,6360.0,5,0,12.0,0
CUST2196,62,Postpaid,4G,692,11760.0,6,3,10.0,1
CUST2197,41,Postpaid,5G,1052,10430.0,2,3,16.0,1
CUST2198,25,Prepaid,4G,334,23620.0,6,0,2.0,1
CUST2199,44,Postpaid,5G,657,4680.0,7,0,13.0,1
CUST2200,48,Prepaid,4G,251,11620.0,2,2,6.0,1
CUST2201,26,Postpaid,5G,120,9680.0,0,0,8.0,0
CUST2202,24,Prepaid,4G,423,40040.0,1,1,42.0,1
CUST2203,49,Prepaid,5G,705,6090.0,4,1,55.0,1
CUST2204,39,Prepaid,5G,343,27930.0,3,0,14.0,1
CUST2205,41,Postpaid,4G,290,3890.0,4,3,24.0,1
CUST2206,55,Postpaid,4G,755,16920.0,1,1,14.0,0
CUST2207,50,Prepaid,5G,464,12090.0,6,1,55.0,1
CUST2208,60,Prepaid,5G,666,17310.0,2,0,29.0,0
CUST2209,26,Prepaid,5G,647,8120.0,0,1,31.0,0
CUST2210,54,Prepaid,4G,387,3390.0,2,4,,1
CUST2211,43,Postpaid,4G,784,4500.0,3,1,23.0,1
CUST2212,19,Prepaid,4G,99,33220.0,4,0,10.0,1
CUST2213,21,Prepaid,5G,691,15380.0,6,3,7.0,1
CUST2214,35,Prepaid,5G,487,7230.0,2,1,9.0,1
CUST2215,48,Prepaid,4G,685,24840.0,4,2,20.0,1
CUST2216,25,Postpaid,5G,930,7850.0,4,0,56.0,0
CUST2217,44,Prepaid,5G,383,7880.0,5,0,19.0,1
CUST2218,65,Postpaid,4G,663,5650.0,5,0,26.0,1
CUST2219,24,Prepaid,5G,254,30100.0,2,1,29.0,0
CUST2220,24,Postpaid,4G,242,52120.0,4,1,,0
CUST2221,64,Prepaid,4G,417,6720.0,2,0,96.0,0
CUST2222,29,Postpaid,4G,730,16140.0,2,0,11.0,0
CUST2223,59,Postpaid,4G,457,26120.0,3,0,30.0,0
CUST2224,35,Prepaid,4G,603,57890.0,3,0,4.0,0
CUST2225,54,Postpaid,4G,718,2460.0,7,0,15.0,1
CUST2226,20,Postpaid,4G,796,14520.0,5,1,5.0,1
CUST2227,48,Prepaid,4G,277,20650.0,2,0,7.0,1
CUST2228,59,Postpaid,5G,308,4660.0,3,0,3.0,1
CUST2229,34,Prepaid,4G,617,17470.0,2,1,25.0,1
CUST2230,48,Prepaid,4G,581,15070.0,7,0,,1
CUST2231,28,Postpaid,4G,672,21770.0,0,1,2.0,0
CUST2232,25,Prepaid,4G,354,8730.0,3,1,53.0,0
CUST2233,18,Postpaid,5G,635,17570.0,3,0,87.0,0
CUST2234,41,Prepaid,5G,416,8580.0,2,0,18.0,1
CUST2235,43,Postpaid,5G,584,20030.0,3,1,18.0,0
CUST2236,21,Postpaid,5G,254,14640.0,4,0,4.0,1
CUST2237,28,Postpaid,4G,869,10060.0,2,0,51.0,0
CUST2238,47,Postpaid,4G,367,4860.0,4,0,33.0,1
CUST2239,35,Prepaid,4G,373,41520.0,2,1,31.0,1
CUST2240,29,Prepaid,5G,379,28470.0,3,2,21.0,1
CUST2241,18,Prepaid,4G,504,24250.0,1,0,44.0,0
CUST2242,19,Prepaid,5G,99,8230.0,3,0,5.0,1
CUST2243,48,Prepaid,4G,712,10250.0,4,1,57.0,1
CUST2244,23,Prepaid,4G,591,42160.0,3,1,3.0,1
CUST2245,58,Prepaid,4G,616,22050.0,4,1,10.0,0
CUST2246,44,Postpaid,4G,976,7220.0,5,0,31.0,0
CUST2247,30,Prepaid,5G,271,,1,0,13.0,0
CUST2248,48,Postpaid,4G,99,14470.0,3,0,56.0,0
CUST2249,25,Prepaid,5G,520,11400.0,2,1,2.0,1
CUST2250,33,Postpaid,4G,986,6770.0,4,1,2.0,1
CUST2251,41,Postpaid,4G,953,31570.0,2,1,28.0,1
CUST2252,48,Prepaid,4G,330,19830.0,4,0,4.0,1
CUST2253,24,Prepaid,4G,428,11440.0,0,2,,1
CUST2254,34,Prepaid,4G,511,4370.0,0,1,35.0,0
CUST2255,22,Prepaid,5G,99,8740.0,2,1,13.0,1
CUST2256,24,Prepaid,5G,302,13110.0,6,1,19.0,1
CUST2257,28,Prepaid,5G,308,24160.0,3,0,41.0,0
CUST2258,33,Prepaid,4G,797,10160.0,2,0,43.0,0
CUST2259,61,Prepaid,4G,305,28620.0,4,0,18.0,1
CUST2260,36,Prepaid,4G,794,14540.0,5,1,23.0,1
CUST2261,23,Prepaid,4G,452,7830.0,6,1,96.0,0
CUST2262,61,Postpaid,4G,330,1870.0,6,0,13.0,1
CUST2263,45,Prepaid,5G,937,5800.0,2,0,10.0,0
CUST2264,23,Prepaid,4G,236,4650.0,2,2,31.0,0
CUST2265,21,Prepaid,5G,586,11890.0,4,0,16.0,0
CUST2266,22,Postpaid,4G,1075,16700.0,1,0,1.0,0
CUST2267,61,Postpaid,4G,582,35030.0,5,3,32.0,0
CUST2268,44,Postpaid,4G,429,13130.0,3,1,24.0,1
CUST2269,50,Postpaid,5G,929,5890.0,2,1,39.0,1
CUST2270,64,Prepaid,5G,464,68810.0,4,0,24.0,1
CUST2271,37,Postpaid,4G,430,16500.0,4,2,83.0,0
CUST2272,61,Prepaid,4G,212,11040.0,0,0,43.0,0
CUST2273,37,Prepaid,5G,364,11050.0,5,1,8.0,1
CUST2274,51,Postpaid,4G,912,5160.0,1,0,22.0,0
CUST2275,57,Postpaid,4G,637,20740.0,5,2,25.0,1
CUST2276,21,Prepaid,5G,594,17270.0,2,1,62.0,0
CUST2277,53,Prepaid,5G,814,40450.0,1,0,11.0,0
CUST2278,56,Prepaid,4G,729,28790.0,4,1,49.0,1
CUST2279,64,Prepaid,4G,766,24460.0,0,0,16.0,0
CUST2280,50,Postpaid,5G,971,32160.0,2,1,14.0,0
CUST2281,41,Postpaid,4G,346,10930.0,2,0,4.0,1
CUST2282,24,Prepaid,5G,719,9780.0,1,1,24.0,1
CUST2283,54,Postpaid,5G,772,12900.0,4,0,23.0,0
CUST2284,40,Postpaid,5G,673,5580.0,1,1,14.0,0
CUST2285,56,Prepaid,5G,211,12090.0,0,3,66.0,0
CUST2286,20,Postpaid,5G,350,10620.0,3,1,35.0,0
CUST2287,34,Prepaid,4G,206,21380.0,3,2,7.0,1
CUST2288,56,Prepaid,4G,445,13260.0,3,0,15.0,0
CUST2289,47,Prepaid,4G,191,3520.0,0,1,9.0,1
CUST2290,52,Prepaid,4G,270,13700.0,3,2,42.0,0
CUST2291,46,Postpaid,5G,564,36170.0,5,1,28.0,1
CUST2292,56,Postpaid,4G,847,3720.0,1,1,33.0,0
CUST2293,57,Prepaid,5G,385,7900.0,2,1,96.0,0
CUST2294,54,Postpaid,4G,668,13610.0,2,1,25.0,0
CUST2295,49,Postpaid,5G,992,5320.0,0,3,32.0,1
CUST2296,30,Postpaid,5G,629,9170.0,6,2,29.0,1
CUST2297,21,Postpaid,4G,832,14010.0,3,0,33.0,0
CUST2298,55,Prepaid,5G,217,5350.0,4,0,19.0,0
CUST2299,34,Postpaid,4G,772,16570.0,4,1,7.0,1
CUST2300,29,Prepaid,4G,476,17970.0,3,1,22.0,1
CUST2301,18,Postpaid,4G,739,5560.0,3,0,25.0,0
CUST2302,24,Prepaid,4G,347,13770.0,1,1,55.0,0
CUST2303,19,Postpaid,4G,473,28790.0,3,0,18.0,0
CUST2304,36,Prepaid,4G,384,11960.0,3,1,49.0,1
CUST2305,32,Postpaid,4G,597,18370.0,2,1,9.0,0
CUST2306,41,Postpaid,5G,927,21250.0,4,0,6.0,0
CUST2307,45,Postpaid,4G,900,11500.0,3,0,49.0,0
CUST2308,31,Postpaid,5G,436,,1,2,24.0,0
CUST2309,43,Postpaid,4G,838,17770.0,4,0,16.0,1
CUST2310,47,Prepaid,5G,344,6790.0,4,1,43.0,1
CUST2311,50,Prepaid,4G,551,19590.0,1,0,18.0,0
CUST2312,46,Prepaid,5G,344,24920.0,2,1,45.0,0
CUST2313,19,Postpaid,4G,376,23910.0,5,3,23.0,1
CUST2314,29,Postpaid,5G,924,8680.0,2,1,8.0,0
CUST2315,56,Prepaid,4G,550,18810.0,2,1,96.0,1
CUST2316,47,Prepaid,5G,180,35660.0,1,1,5.0,1
CUST2317,32,Prepaid,4G,99,,3,2,66.0,0
CUST2318,35,Prepaid,5G,332,31310.0,2,1,3.0,0
CUST2319,62,Prepaid,5G,190,33990.0,1,2,36.0,0
CUST2320,53,Postpaid,4G,620,13340.0,5,0,34.0,1
CUST2321,35,Prepaid,4G,586,21740.0,4,0,6.0,1
CUST2322,31,Postpaid,5G,1023,11180.0,1,1,30.0,0
CUST2323,24,Prepaid,5G,372,28960.0,2,1,27.0,0
CUST2324,56,Prepaid,5G,753,12870.0,7,0,96.0,0
CUST2325,48,Prepaid,4G,706,9340.0,1,1,4.0,1
CUST2326,37,Postpaid,5G,604,13490.0,1,2,96.0,0
CUST2327,51,Prepaid,4G,99,13060.0,3,1,1.0,1
CUST2328,44,Prepaid,4G,638,17960.0,0,1,45.0,0
CUST2329,43,Postpaid,4G,834,19050.0,2,1,10.0,1
CUST2330,50,Prepaid,4G,968,6090.0,6,1,80.0,0
CUST2331,54,Postpaid,5G,1015,,6,1,63.0,0
CUST2332,42,Prepaid,4G,623,17710.0,2,0,10.0,1
CUST2333,37,Postpaid,4G,1072,19290.0,3,1,11.0,1
CUST2334,30,Prepaid,5G,220,14640.0,6,1,14.0,1
CUST2335,32,Prepaid,4G,493,80000.0,3,1,63.0,0
CUST2336,65,Postpaid,4G,641,30220.0,2,0,63.0,0
CUST2337,26,Postpaid,4G,1084,13110.0,4,1,39.0,1
CUST2338,22,Postpaid,5G,825,23040.0,5,1,6.0,1
CUST2339,47,Postpaid,4G,99,35340.0,4,1,8.0,1
CUST2340,33,Postpaid,5G,1003,17910.0,1,2,7.0,0
CUST2341,22,Postpaid,4G,502,4090.0,3,0,41.0,0
CUST2342,44,Prepaid,4G,623,14870.0,5,1,9.0,1
CUST2343,53,Prepaid,4G,347,14410.0,6,0,10.0,1
CUST2344,19,Postpaid,4G,756,61950.0,3,1,3.0,1
CUST2345,41,Prepaid,4G,592,3850.0,1,2,5.0,1
CUST2346,25,Prepaid,4G,495,41180.0,4,0,47.0,0
CUST2347,45,Prepaid,4G,243,12520.0,2,1,49.0,0
CUST2348,56,Prepaid,4G,761,26820.0,1,2,37.0,0
CUST2349,56,Prepaid,5G,540,11400.0,4,0,45.0,0
CUST2350,55,Prepaid,4G,449,15830.0,2,1,18.0,1
CUST2351,32,Prepaid,4G,609,30940.0,4,1,,1
CUST2352,48,Postpaid,5G,586,14880.0,7,0,10.0,1
CUST2353,49,Postpaid,4G,1118,29360.0,2,0,,0
CUST2354,61,Postpaid,4G,753,13270.0,3,1,43.0,0
CUST2355,51,Postpaid,5G,784,10550.0,4,0,1.0,1
CUST2356,54,Postpaid,4G,780,12070.0,3,2,17.0,1
CUST2357,22,Postpaid,4G,503,9890.0,2,0,66.0,0
CUST2358,32,Prepaid,4G,196,12940.0,5,0,49.0,1
CUST2359,35,Prepaid,4G,502,36550.0,1,1,18.0,0
CUST2360,48,Prepaid,4G,532,6210.0,1,0,10.0,1
CUST2361,59,Postpaid,5G,1000,4410.0,5,0,13.0,1
CUST2362,34,Prepaid,4G,553,13930.0,2,0,3.0,1
CUST2363,41,Postpaid,4G,465,45910.0,3,0,35.0,0
CUST2364,53,Prepaid,4G,570,29390.0,1,1,20.0,0
CUST2365,27,Prepaid,5G,636,35680.0,7,1,2.0,1
CUST2366,36,Prepaid,4G,675,33940.0,4,0,14.0,1
CUST2367,27,Prepaid,4G,528,8490.0,5,1,69.0,1
CUST2368,25,Prepaid,5G,185,15390.0,2,0,35.0,0
CUST2369,51,Prepaid,5G,710,2200.0,4,2,58.0,1
CUST2370,60,Prepaid,4G,293,9250.0,0,0,36.0,0
CUST2371,25,Prepaid,5G,580,21700.0,3,0,52.0,0
CUST2372,51,Postpaid,4G,358,4770.0,7,0,32.0,1
CUST2373,51,Prepaid,4G,622,3360.0,5,1,20.0,1
CUST2374,53,Prepaid,4G,282,5720.0,6,2,70.0,1
CUST2375,51,Postpaid,4G,942,16570.0,4,1,40.0,1
CUST2376,44,Postpaid,4G,1092,32230.0,4,0,7.0,1
CUST2377,23,Prepaid,4G,711,80000.0,6,1,73.0,0
CUST2378,55,Prepaid,4G,197,38850.0,3,1,9.0,1
CUST2379,27,Prepaid,5G,246,4940.0,3,1,20.0,0
CUST2380,39,Prepaid,5G,262,2820.0,3,1,35.0,0
CUST2381,63,Prepaid,4G,600,15910.0,2,0,18.0,0
CUST2382,45,Prepaid,4G,530,30100.0,0,1,3.0,0
CUST2383,31,Prepaid,5G,489,4630.0,2,1,28.0,0
CUST2384,21,Prepaid,5G,522,9970.0,2,4,33.0,1
CUST2385,30,Prepaid,4G,581,10510.0,4,2,38.0,1
CUST2386,44,Postpaid,5G,847,14770.0,2,2,52.0,1
CUST2387,58,Prepaid,4G,825,12740.0,4,1,33.0,1
CUST2388,57,Prepaid,5G,441,20770.0,1,0,32.0,0
CUST2389,28,Prepaid,5G,498,30380.0,3,0,22.0,0
CUST2390,51,Prepaid,4G,99,15260.0,2,0,10.0,0
CUST2391,49,Prepaid,4G,162,24570.0,3,2,63.0,0
CUST2392,56,Prepaid,4G,300,58730.0,2,1,26.0,0
CUST2393,41,Postpaid,4G,442,7120.0,5,3,96.0,1
CUST2394,41,Postpaid,4G,751,7000.0,1,1,7.0,1
CUST2395,38,Prepaid,4G,682,20860.0,3,1,96.0,0
CUST2396,60,Prepaid,4G,357,53470.0,4,4,36.0,1
CUST2397,43,Prepaid,5G,345,16450.0,0,0,16.0,0
CUST2398,23,Prepaid,4G,339,31500.0,1,1,34.0,0
CUST2399,42,Prepaid,4G,481,11820.0,3,0,96.0,0
CUST2400,60,Postpaid,4G,582,27890.0,3,1,37.0,1
CUST2401,58,Prepaid,4G,545,9480.0,1,1,96.0,0
CUST2402,35,Prepaid,4G,518,23610.0,2,1,4.0,1
CUST2403,60,Postpaid,5G,777,19440.0,2,1,26.0,0
CUST2404,22,Prepaid,4G,619,19460.0,3,1,13.0,1
CUST2405,53,Prepaid,4G,458,38760.0,2,1,96.0,0
CUST2406,47,Postpaid,5G,733,,3,1,2.0,1
CUST2407,18,Prepaid,4G,838,9750.0,4,0,9.0,1
CUST2408,39,Prepaid,4G,441,27610.0,7,0,34.0,1
CUST2409,36,Prepaid,4G,626,4530.0,3,1,56.0,1
CUST2410,38,Prepaid,4G,462,29780.0,2,1,2.0,1
CUST2411,30,Postpaid,4G,599,80000.0,3,1,45.0,1
CUST2412,58,Postpaid,4G,600,21680.0,3,0,51.0,0
CUST2413,57,Prepaid,4G,270,21380.0,5,2,,1
CUST2414,24,Postpaid,4G,702,15690.0,2,4,11.0,1
CUST2415,54,Postpaid,5G,567,26920.0,2,1,3.0,1
CUST2416,47,Prepaid,4G,357,10990.0,1,0,5.0,0
CUST2417,26,Postpaid,4G,968,24150.0,3,2,52.0,1
CUST2418,37,Prepaid,5G,420,12500.0,1,0,27.0,0
CUST2419,31,Prepaid,4G,701,11260.0,4,2,13.0,1
CUST2420,43,Prepaid,4G,508,16550.0,0,0,26.0,0
CUST2421,24,Prepaid,4G,639,14570.0,2,0,35.0,0
CUST2422,41,Postpaid,4G,565,4510.0,6,0,18.0,1
CUST2423,23,Postpaid,5G,732,65160.0,3,2,60.0,0
CUST2424,24,Postpaid,4G,1279,16810.0,3,0,10.0,1
CUST2425,58,Prepaid,4G,631,4650.0,6,0,22.0,1
CUST2426,42,Prepaid,5G,670,32450.0,1,2,3.0,0
CUST2427,31,Prepaid,5G,501,14970.0,3,0,22.0,0
CUST2428,59,Postpaid,5G,888,17620.0,3,1,23.0,0
CUST2429,34,Postpaid,5G,443,25060.0,3,0,31.0,0
CUST2430,26,Postpaid,4G,512,8160.0,5,1,4.0,1
CUST2431,61,Postpaid,4G,793,1950.0,4,0,72.0,0
CUST2432,18,Prepaid,4G,629,14250.0,5,0,17.0,1
CUST2433,63,Postpaid,4G,609,18100.0,5,1,11.0,1
CUST2434,21,Prepaid,5G,407,,2,1,51.0,1
CUST2435,56,Prepaid,4G,369,9000.0,2,1,96.0,0
CUST2436,40,Prepaid,5G,407,12680.0,0,1,7.0,0
CUST2437,24,Prepaid,4G,184,20210.0,4,1,55.0,1
CUST2438,64,Prepaid,4G,133,12250.0,1,0,10.0,0
CUST2439,38,Prepaid,5G,430,12840.0,4,0,2.0,1
CUST2440,20,Prepaid,4G,99,18270.0,2,2,10.0,1
CUST2441,52,Postpaid,4G,482,7610.0,3,0,59.0,0
CUST2442,65,Prepaid,5G,302,46320.0,5,1,96.0,0
CUST2443,25,Prepaid,5G,216,8010.0,2,1,17.0,1
CUST2444,43,Prepaid,4G,499,15670.0,6,2,4.0,1
CUST2445,62,Prepaid,5G,349,12130.0,0,2,29.0,0
CUST2446,23,Postpaid,5G,679,9300.0,4,1,4.0,1
CUST2447,55,Postpaid,5G,474,22210.0,5,0,3.0,0
CUST2448,38,Prepaid,4G,283,30980.0,1,0,33.0,0
CUST2449,20,Postpaid,4G,808,42290.0,4,0,55.0,0
CUST2450,27,Postpaid,4G,775,22930.0,4,1,21.0,1
